{
  "slate_date": "2026-01-29",
  "generated_at": "2026-02-10T06:56:23.215733",
  "n_candidates": 1,
  "lineups": [
    {
      "rank": 1,
      "players": [
        {
          "name": "Nathan MacKinnon",
          "team": "COL",
          "position": "C",
          "roster_slot": "C",
          "salary": 10300,
          "projected_fpts": 24.1,
          "floor": 6.0,
          "ceiling": 65.3,
          "predicted_ownership": 7.7
        },
        {
          "name": "Kevin Hayes",
          "team": "PIT",
          "position": "W",
          "roster_slot": "C",
          "salary": 2500,
          "projected_fpts": 6.3,
          "floor": 1.6,
          "ceiling": 20.7,
          "predicted_ownership": 1.0
        },
        {
          "name": "Martin Necas",
          "team": "COL",
          "position": "C",
          "roster_slot": "W",
          "salary": 7000,
          "projected_fpts": 14.8,
          "floor": 3.7,
          "ceiling": 42.1,
          "predicted_ownership": 1.2
        },
        {
          "name": "Artturi Lehkonen",
          "team": "COL",
          "position": "W",
          "roster_slot": "W",
          "salary": 5500,
          "projected_fpts": 11.4,
          "floor": 2.8,
          "ceiling": 33.4,
          "predicted_ownership": 0.8
        },
        {
          "name": "Jordan Martinook",
          "team": "CAR",
          "position": "W",
          "roster_slot": "W",
          "salary": 2800,
          "projected_fpts": 5.9,
          "floor": 1.5,
          "ceiling": 19.6,
          "predicted_ownership": 0.2
        },
        {
          "name": "Cale Makar",
          "team": "COL",
          "position": "D",
          "roster_slot": "D",
          "salary": 8300,
          "projected_fpts": 16.0,
          "floor": 4.0,
          "ceiling": 45.1,
          "predicted_ownership": 4.4
        },
        {
          "name": "K'Andre Miller",
          "team": "CAR",
          "position": "D",
          "roster_slot": "D",
          "salary": 3200,
          "projected_fpts": 9.2,
          "floor": 2.3,
          "ceiling": 27.9,
          "predicted_ownership": 1.4
        },
        {
          "name": "Ilya Sorokin",
          "team": "NYI",
          "position": "G",
          "roster_slot": "G",
          "salary": 7800,
          "projected_fpts": 16.1,
          "floor": 3.2,
          "ceiling": 42.1,
          "predicted_ownership": 10.2
        },
        {
          "name": "William Carrier",
          "team": "CAR",
          "position": "W",
          "roster_slot": "UTIL",
          "salary": 2500,
          "projected_fpts": 5.2,
          "floor": 1.3,
          "ceiling": 17.9,
          "predicted_ownership": 0.2
        }
      ],
      "total_salary": 49900,
      "total_projected": 109.0,
      "total_ownership": 27.1,
      "total_actual": null,
      "goalie": "Ilya Sorokin",
      "stacks": [
        "COL4",
        "CAR3"
      ],
      "scores": {
        "total": 1
      }
    }
  ]
}