name,team,position,salary,projected_fpts,count,pct
Connor McDavid,EDM,C,10400,20.4097278503909,202,90.2
Philipp Grubauer,SEA,G,6900,14.727325669583838,188,83.9
Zach Werenski,CBJ,D,8800,17.490576565070594,61,27.2
Ilya Sorokin,NYI,G,7900,14.63521930006235,32,14.3
Mark Stone,VGK,W,7400,17.072457363714644,32,14.3
Justin Faulk,STL,D,3500,9.333941897264932,28,12.5
Jared McCann,SEA,W,5600,12.521323159621657,28,12.5
Teddy Blueger,VAN,C,3000,11.036767269741626,28,12.5
Steven Stamkos,NSH,W,4900,11.113783706868084,28,12.5
Wyatt Johnston,DAL,C,6600,13.378848773955987,28,12.5
Dmitri Voronkov,CBJ,W,3200,8.633175026980332,27,12.1
Kasperi Kapanen,EDM,W,3000,8.216460627828276,27,12.1
Marcus Johansson,MIN,W,3000,8.06678817006103,27,12.1
Cole Caufield,MTL,W,6700,14.020290569687988,26,11.6
Oliver Ekman-Larsson,TOR,D,2900,8.76101759834731,26,11.6
Konsta Helenius,BUF,W,2800,9.24500912941586,26,11.6
Jack Roslovic,EDM,W,3300,8.804399781538919,25,11.2
Drake Batherson,OTT,W,5000,10.929181868068417,25,11.2
Matt Boldy,MIN,W,7600,15.022188451673989,25,11.2
Brandon Montour,SEA,D,5100,11.251912051235582,24,10.7
Jordan Kyrou,STL,W,4800,9.822590621842533,24,10.7
Simon Nemec,NJD,D,3000,8.944841445438918,24,10.7
Ryan O'Reilly,NSH,C,5000,10.78746510118182,24,10.7
Lenni Hameenaho,NJD,W,2800,8.470303277036132,23,10.3
Shane Pinto,OTT,C,4100,9.30820618255511,23,10.3
Noah Hanifin,VGK,D,3600,10.056539614308564,22,9.8
Tomas Hertl,VGK,C,5900,13.572204028929717,22,9.8
Jake DeBrusk,VAN,W,5100,10.621020333178155,22,9.8
Nick Suzuki,MTL,C,6200,12.541281495363856,21,9.4
Matthew Schaefer,NYI,D,5800,12.062192330502377,21,9.4
Jordan Eberle,SEA,W,4600,10.191552789733276,21,9.4
Michael Carcone,UTA,W,2900,6.768219451647046,20,8.9
JJ Peterka,UTA,W,4000,8.429185020167493,20,8.9
Pius Suter,STL,C,2500,6.620773200944614,20,8.9
Sean Durzi,UTA,D,3800,7.87147610263404,19,8.5
Jimmy Snuggerud,STL,W,3700,7.951062158075778,19,8.5
Conor Garland,VAN,W,3500,8.601205579737396,19,8.5
Charlie Coyle,CBJ,C,4300,9.005749465481362,19,8.5
Bo Horvat,NYI,C,7800,14.628017216774717,19,8.5
John Tavares,TOR,C,5700,11.589979646132198,17,7.6
Matthew Knies,TOR,W,4600,10.126011347117046,17,7.6
Nick Blankenburg,NSH,D,2900,7.613452792638657,17,7.6
Brock Faber,MIN,D,5200,10.366118188003599,17,7.6
Jack Quinn,BUF,W,3400,9.604386199511659,16,7.1
Jason Robertson,DAL,W,8200,15.920673440967725,16,7.1
Timo Meier,NJD,W,5700,11.636281946883926,16,7.1
Jordan Spence,OTT,D,2800,7.119850476163799,16,7.1
Tony DeAngelo,NYI,D,4000,9.063444522392672,15,6.7
Tage Thompson,BUF,C,8600,16.84664763599146,15,6.7
Joel Eriksson Ek,MIN,C,6000,11.313102599906353,15,6.7
Emil Heineman,NYI,W,4200,8.596103917374528,15,6.7
Dawson Mercer,NJD,C,3400,8.607630112316572,15,6.7
Clayton Keller,UTA,W,6200,10.97682133781148,14,6.2
Jamie Benn,DAL,W,2700,6.391596332909371,14,6.2
Kirby Dach,MTL,W,2600,6.687776466975432,14,6.2
Nicholas Robertson,TOR,W,2700,7.193792472216108,14,6.2
Rasmus Dahlin,BUF,D,6800,14.408883671785429,14,6.2
Brady Tkachuk,OTT,W,7900,15.194808760328927,14,6.2
Roope Hintz,DAL,C,5500,10.971621545173708,13,5.8
Morgan Rielly,TOR,D,4300,9.898785815274255,13,5.8
Jason Zucker,BUF,W,4700,11.473947103190634,12,5.4
Mavrik Bourque,DAL,W,2900,6.422296633789137,11,4.9
Evander Kane,VAN,W,4400,8.986437514253257,11,4.9
Anders Lee,NYI,W,4900,9.550888898734112,11,4.9
Vince Dunn,SEA,D,4600,9.989050519009394,9,4.0
Shea Theodore,VGK,D,4700,11.515216798734464,9,4.0
Marshall Warren,NYI,D,2500,6.149583401528045,9,4.0
Mike Matheson,MTL,D,3700,8.160460073783936,9,4.0
Tom Willander,VAN,D,2800,6.432739578686932,9,4.0
Nick Schmaltz,UTA,C,6100,10.41586363985743,9,4.0
Vladimir Tarasenko,MIN,W,4100,8.60465838324184,8,3.6
Zach Hyman,EDM,W,7500,14.61627883674874,8,3.6
Ben Hutton,VGK,D,2500,7.51705738514514,8,3.6
Oliver Kapanen,MTL,C,3700,8.123368869143603,8,3.6
Roman Josi,NSH,D,7000,12.485385808731664,8,3.6
Miles Wood,CBJ,W,2600,6.235869419567859,8,3.6
Braeden Bowman,VGK,W,2600,7.405182329179518,7,3.1
Michael Bunting,NSH,W,3100,7.728794541038551,7,3.1
Arseny Gritsyuk,NJD,W,3200,8.43175496784734,7,3.1
Jaden Schwartz,SEA,W,3700,8.320477116074619,7,3.1
Juraj Slafkovský,MTL,W,5000,10.09903494470291,6,2.7
Mattias Ekholm,EDM,D,3700,8.546787952846055,6,2.7
Elias Pettersson,VAN,C,5600,9.88354743665243,6,2.7
Esa Lindell,DAL,D,3300,6.44457487815001,6,2.7
Noah Dobson,MTL,D,5000,9.993338144367186,6,2.7
Jean-Gabriel Pageau,NYI,C,3400,6.726576765114185,6,2.7
Mattias Samuelsson,BUF,D,3800,9.845664191784962,6,2.7
Ridly Greig,OTT,W,3200,7.532162714841946,6,2.7
Bobby McMann,TOR,W,4300,9.009121221243674,5,2.2
Luke Evangelista,NSH,W,4400,9.261707997310296,5,2.2
Dougie Hamilton,NJD,D,5400,10.636223709776539,5,2.2
Chandler Stephenson,SEA,C,3600,7.5184523135701,5,2.2
Barrett Hayton,UTA,C,3200,6.063148625748658,5,2.2
Jesper Bratt,NJD,W,5100,10.083234661409097,5,2.2
Boone Jenner,CBJ,W,4500,9.223534917502368,5,2.2
Bowen Byram,BUF,D,3200,8.797346141832309,4,1.8
Matt Duchene,DAL,C,3500,7.0316437958734195,4,1.8
Mikhail Sergachev,UTA,D,5600,9.481715690498795,4,1.8
Pavel Buchnevich,STL,C,3800,7.4882757025072895,4,1.8
Denton Mateychuk,CBJ,D,3400,7.493522785108182,4,1.8
Tim Stützle,OTT,C,6900,12.956078231266554,4,1.8
Claude Giroux,OTT,W,3700,8.19670780696533,4,1.8
Ivan Provorov,CBJ,D,3900,8.492522616881809,4,1.8
Filip Forsberg,NSH,W,6900,12.204054429477228,4,1.8
Kirill Marchenko,CBJ,W,7100,13.190469204831627,4,1.8
Auston Matthews,TOR,C,9500,15.76079349995799,4,1.8
Nils Lundkvist,DAL,D,2600,5.320842812997639,4,1.8
Zach Benson,BUF,W,3300,8.760033343047594,4,1.8
Jonathan Marchessault,NSH,W,3600,8.012582717497022,4,1.8
Lane Hutson,MTL,D,5900,11.473920003719213,4,1.8
Alex Tuch,BUF,W,6100,13.122934589014095,4,1.8
Cole Sillinger,CBJ,W,3100,6.87987608858991,4,1.8
Evan Bouchard,EDM,D,7700,14.444802679246774,3,1.3
Jack McBain,UTA,C,2600,5.151224902991025,3,1.3
Jared Spurgeon,MIN,D,3100,6.2448479980027605,3,1.3
Jet Greaves,CBJ,G,7400,13.005265657993672,3,1.3
Dylan Cozens,OTT,C,5400,10.564875031500828,3,1.3
Cam Fowler,STL,D,2800,6.439462604325157,3,1.3
Cody Glass,NJD,C,3000,7.619444086471094,3,1.3
Ivan Barbashev,VGK,W,3400,8.788758316770744,3,1.3
Jack Eichel,VGK,C,9400,18.948677372123747,3,1.3
Mikko Rantanen,DAL,W,7200,13.429386477857872,2,0.9
Simon Holmstrom,NYI,W,3500,6.788835927688995,2,0.9
Ryker Evans,SEA,D,2500,5.754722111230694,2,0.9
Kirill Kaprizov,MIN,W,9200,16.15515070806108,2,0.9
Josh Anderson,MTL,W,2500,5.77860846297815,2,0.9
Drew O'Connor,VAN,W,3200,6.797174385335411,2,0.9
John Marino,UTA,D,2700,5.87210288405166,2,0.9
Lawson Crouse,UTA,W,3600,6.632008905368463,1,0.4
Mats Zuccarello,MIN,W,5200,9.640115307310534,1,0.4
Nate Schmidt,UTA,D,2600,5.712425056654112,1,0.4
Max Domi,TOR,W,3400,7.360896925530805,1,0.4
Alex Lyon,BUF,G,8100,14.183026216893829,1,0.4
Easton Cowan,TOR,W,2700,6.252709843913796,1,0.4
Vasily Podkolzin,EDM,W,3300,6.5377390288436485,1,0.4
Matty Beniers,SEA,C,4700,9.02322114139345,1,0.4
Erik Haula,NSH,C,2800,6.650145939065137,1,0.4
Thomas Chabot,OTT,D,4800,9.00110518742642,1,0.4
Artem Zub,OTT,D,3000,6.559193729265814,1,0.4
Fabian Zetterlund,OTT,W,3100,6.8357903389142045,1,0.4
Ryan McLeod,BUF,C,3500,8.307733452658841,1,0.4
Kaapo Kakko,SEA,W,3100,6.523589681278118,1,0.4
Ivan Demidov,MTL,W,4100,8.479657309385319,1,0.4
Kaiden Guhle,MTL,D,2700,6.021107407322685,1,0.4
Linus Karlsson,VAN,W,3600,7.372264375399042,1,0.4
