name,team,position,salary,projected_fpts,count,pct
Connor McDavid,EDM,C,10400,18.072832783003655,188,83.9
Philipp Grubauer,SEA,G,6900,14.727325669583838,177,79.0
Zach Werenski,CBJ,D,8800,15.53765794153502,59,26.3
Mark Stone,VGK,W,7400,15.216135445465158,45,20.1
Jared McCann,SEA,W,5600,11.646323831902148,28,12.5
Steven Stamkos,NSH,W,4900,9.772759741867805,28,12.5
Justin Faulk,STL,D,3500,8.455839440319858,28,12.5
Dennis Hildeby,TOR,G,6500,12.7292518014564,28,12.5
Teddy Blueger,VAN,C,3000,10.105563820158581,28,12.5
Wyatt Johnston,DAL,C,6600,12.218685315547212,27,12.1
Marcus Johansson,MIN,W,3000,7.274128319167786,27,12.1
Jack Roslovic,EDM,W,3300,7.827858670539903,27,12.1
Dmitri Voronkov,CBJ,W,3200,7.736149774839149,27,12.1
William Nylander,TOR,W,6300,12.04731015362152,27,12.1
Konsta Helenius,BUF,W,2800,8.324356097864788,27,12.1
Bo Horvat,NYI,C,7800,13.351391872071341,25,11.2
Drake Batherson,OTT,W,5000,9.764894885598824,25,11.2
Kasperi Kapanen,EDM,W,3000,7.319826192222609,25,11.2
Noah Hanifin,VGK,D,3600,8.923072522369674,25,11.2
Ryan O'Reilly,NSH,C,5000,9.465105295657631,25,11.2
Cole Caufield,MTL,W,6700,12.545197334093833,25,11.2
Simon Nemec,NJD,D,3000,8.234577281500233,24,10.7
Brandon Montour,SEA,D,5100,10.535745698383904,24,10.7
Oliver Ekman-Larsson,TOR,D,2900,7.682662270821344,24,10.7
Nick Suzuki,MTL,C,6200,11.206602154297737,24,10.7
Matt Boldy,MIN,W,7600,13.530708457144812,23,10.3
Jordan Kyrou,STL,W,4800,8.914203669909325,23,10.3
Lenni Hameenaho,NJD,W,2800,7.779909323497227,22,9.8
JJ Peterka,UTA,W,4000,8.372584402061067,22,9.8
Charlie Coyle,CBJ,C,4300,8.057759265720653,22,9.8
Jake DeBrusk,VAN,W,5100,9.729248868606344,21,9.4
Jimmy Snuggerud,STL,W,3700,7.215851799829673,21,9.4
Jordan Eberle,SEA,W,4600,9.504144647016108,21,9.4
Shane Pinto,OTT,C,4100,8.318657648758363,21,9.4
Rasmus Dahlin,BUF,D,6800,12.886591770664056,20,8.9
Roope Hintz,DAL,C,5500,10.019015419446994,20,8.9
Matthew Schaefer,NYI,D,5800,11.005015982438088,20,8.9
Tomas Hertl,VGK,C,5900,12.104414405322597,19,8.5
Jason Robertson,DAL,W,8200,14.540180420400473,18,8.0
Pius Suter,STL,C,2500,6.009100988313545,18,8.0
Michael Carcone,UTA,W,2900,6.726373646734791,18,8.0
Clayton Keller,UTA,W,6200,10.89927943980846,18,8.0
Brock Faber,MIN,D,5200,9.289550325362407,17,7.6
Tony DeAngelo,NYI,D,4000,8.27081665483167,17,7.6
Conor Garland,VAN,W,3500,7.869417369320722,17,7.6
Nick Blankenburg,NSH,D,2900,6.6899820316191905,17,7.6
Jordan Spence,OTT,D,2800,6.351858645013979,17,7.6
Dawson Mercer,NJD,C,3400,7.913881341813943,17,7.6
Timo Meier,NJD,W,5700,10.703688328827244,16,7.1
Sean Durzi,UTA,D,3800,7.811666442115902,16,7.1
Jack Quinn,BUF,W,3400,8.640656342609633,15,6.7
Kirby Dach,MTL,W,2600,5.998396257762923,15,6.7
John Tavares,TOR,C,5700,10.197172797580926,15,6.7
Filip Hronek,VAN,D,4100,8.197042044709239,15,6.7
Joel Eriksson Ek,MIN,C,6000,10.198228535286031,14,6.2
Jason Zucker,BUF,W,4700,10.330723398362174,14,6.2
Emil Heineman,NYI,W,4200,7.845950352956533,13,5.8
Morgan Rielly,TOR,D,4300,8.680893703729215,13,5.8
Tage Thompson,BUF,C,8600,15.130178097252436,13,5.8
Ilya Sorokin,NYI,G,7900,14.63521930006235,12,5.4
Nick Schmaltz,UTA,C,6100,10.343803555570638,12,5.4
Nicholas Robertson,TOR,W,2700,6.352553478801356,11,4.9
Jamie Benn,DAL,W,2700,5.835938615609353,11,4.9
Brady Tkachuk,OTT,W,7900,13.587188167956459,11,4.9
Vince Dunn,SEA,D,4600,9.347913366909056,10,4.5
Oliver Kapanen,MTL,C,3700,7.287698853551947,9,4.0
Ridly Greig,OTT,W,3200,6.73764461587823,9,4.0
Mike Matheson,MTL,D,3700,7.266628861790423,9,4.0
Vladimir Tarasenko,MIN,W,4100,7.7690682136607,9,4.0
Zach Hyman,EDM,W,7500,12.973491086191334,9,4.0
Mavrik Bourque,DAL,W,2900,5.864438651001806,9,4.0
Shea Theodore,VGK,D,4700,10.220085680553844,8,3.6
Jean-Gabriel Pageau,NYI,C,3400,6.140368735004125,8,3.6
Jonathan Marchessault,NSH,W,3600,7.053222385969058,8,3.6
Michael Bunting,NSH,W,3100,6.816024552443995,7,3.1
Arseny Gritsyuk,NJD,W,3200,7.749178445557287,7,3.1
Mattias Samuelsson,BUF,D,3800,8.807091052735762,7,3.1
Boone Jenner,CBJ,W,4500,8.253094259689991,7,3.1
Marshall Warren,NYI,D,2500,5.614308029559538,7,3.1
Miles Wood,CBJ,W,2600,5.59107266708592,7,3.1
Jesper Wallstedt,MIN,G,7200,13.679937285858568,7,3.1
Anders Lee,NYI,W,4900,8.717750893044613,6,2.7
Dylan Cozens,OTT,C,5400,9.445058475125604,6,2.7
Chandler Stephenson,SEA,C,3600,7.004233744650895,6,2.7
Evander Kane,VAN,W,4400,8.219290071610303,6,2.7
Mattias Ekholm,EDM,D,3700,7.566258891052396,6,2.7
Roman Josi,NSH,D,7000,10.868501474600105,6,2.7
Ivan Barbashev,VGK,W,3400,7.828874546833185,6,2.7
Pavel Buchnevich,STL,C,3800,6.7951248004116875,6,2.7
Juraj Slafkovský,MTL,W,5000,9.03706214854021,6,2.7
Dougie Hamilton,NJD,D,5400,9.792241395129885,5,2.2
Jaden Schwartz,SEA,W,3700,7.743321617898205,5,2.2
Jared Spurgeon,MIN,D,3100,5.61787604874895,5,2.2
Noah Dobson,MTL,D,5000,8.907941811323111,5,2.2
Braeden Bowman,VGK,W,2600,6.60908504482445,5,2.2
Tim Stützle,OTT,C,6900,11.571336535770943,5,2.2
Esa Lindell,DAL,D,3300,5.886651863309665,5,2.2
Matthew Knies,TOR,W,4600,8.906378611518923,5,2.2
Luke Evangelista,NSH,W,4400,8.145891845759873,4,1.8
Zach Benson,BUF,W,3300,7.8807556543146084,4,1.8
Cole Sillinger,CBJ,W,3100,6.156075395272213,4,1.8
Mikhail Sergachev,UTA,D,5600,9.409860284410659,4,1.8
Jack Eichel,VGK,C,9400,16.868558365912136,4,1.8
Bowen Byram,BUF,D,3200,7.875125552021963,4,1.8
Jesper Bratt,NJD,W,5100,9.270816139252192,4,1.8
Ben Hutton,VGK,D,2500,6.700545308494201,4,1.8
Tom Willander,VAN,D,2800,5.8901375763802815,4,1.8
Claude Giroux,OTT,W,3700,7.3337387452098275,3,1.3
John Marino,UTA,D,2700,5.827318655848336,3,1.3
Elias Pettersson,VAN,C,5600,9.040750274152263,3,1.3
Cody Glass,NJD,C,3000,6.998796149381988,3,1.3
Kirill Marchenko,CBJ,W,7100,11.784733126999075,3,1.3
Barrett Hayton,UTA,C,3200,6.023626644914061,3,1.3
Denton Mateychuk,CBJ,D,3400,6.684770518431833,3,1.3
Mikko Rantanen,DAL,W,7200,12.265023795451482,3,1.3
Nils Lundkvist,DAL,D,2600,4.8594229996046,2,0.9
Alex Tuch,BUF,W,6100,11.79477670868024,2,0.9
Ryker Evans,SEA,D,2500,5.366721476208592,2,0.9
Kaiden Guhle,MTL,D,2700,5.37768934098569,2,0.9
Bobby McMann,TOR,W,4300,7.933672823814146,2,0.9
Matt Duchene,DAL,C,3500,6.4213414244905955,2,0.9
Evan Bouchard,EDM,D,7700,12.777679990951944,2,0.9
Drew O'Connor,VAN,W,3200,6.228269385275439,2,0.9
Kirill Kaprizov,MIN,W,9200,14.513648482005435,2,0.9
Ivan Provorov,CBJ,D,3900,7.54931434929981,2,0.9
Simon Holmstrom,NYI,W,3500,6.19692396056991,2,0.9
Ivan Demidov,MTL,W,4100,7.604842913924237,2,0.9
Mats Zuccarello,MIN,W,5200,8.682858319096391,1,0.4
Pavel Dorofeyev,VGK,W,6400,11.679755151446331,1,0.4
Mackenzie MacEachern,VAN,W,2500,5.020969070139248,1,0.4
Kaapo Kakko,SEA,W,3100,6.064374495933872,1,0.4
Nate Schmidt,UTA,D,2600,5.670180665800963,1,0.4
Cam Fowler,STL,D,2800,5.834610095615354,1,0.4
Jack McBain,UTA,C,2600,5.118936768772531,1,0.4
Lane Hutson,MTL,D,5900,10.21587065475796,1,0.4
Matty Beniers,SEA,C,4700,8.416477552714126,1,0.4
Erik Haula,NSH,C,2800,5.863537776170126,1,0.4
Tyler Tucker,STL,D,2500,4.926532281255307,1,0.4
Artem Zub,OTT,D,3000,5.849309071249219,1,0.4
Miro Heiskanen,DAL,D,5700,9.590141056358055,1,0.4
Filip Forsberg,NSH,W,6900,10.70087568213878,1,0.4
Ryan McLeod,BUF,C,3500,7.472725251856489,1,0.4
Brady Skjei,NSH,D,3000,5.860325662317926,1,0.4
Vasily Podkolzin,EDM,W,3300,5.817754168041315,1,0.4
Auston Matthews,TOR,C,9500,13.845403521910178,1,0.4
Linus Karlsson,VAN,W,3600,6.768414582639606,1,0.4
