assists,evGoals,evPoints,faceoff_pct,gw_goals,games_played,goals,lastName,ot_goals,pim,player_id,plus_minus,points,pointsPerGame,position,pp_goals,pp_points,seasonId,sh_goals,sh_points,shooting_pct,shootsCatches,shots,name,team,toi_per_game,goals_per_game,assists_per_game,points_per_game,shots_per_game,pp_points_per_game,goals_pg,assists_pg,points_pg,shots_pg,blocks_pg,pp_points_pg,pp_share,pp_goals_pg,sh_goals_pg,sh_points_pg,shooting_pct_adj,high_shot_volume,elite_shot_volume,prob_5plus_shots,prob_3plus_points,prob_hat_trick,is_center,is_wing,is_defense,toi_minutes,toi_vs_position,opponent,is_home,opp_ga_pg,opp_gf_pg,opp_softness,consistency,projected_fpts,floor,ceiling,salary,dk_position,dk_id,dk_avg_fpts,value,edge,games_started,goals_against,gaa,losses,ot_losses,penaltyMinutes,save_pct,saves,shots_against,shutouts,ties,toi,wins,saves_per_start,ga_per_start,shots_against_per_start,saves_pg,ga_pg,sa_pg,win_rate,save_pct_above_avg,high_workload,prob_35plus_saves,gaa_quality,team_gf_pg,team_ga_pg,team_quality,opp_offense_weakness
0,,,,,5,0,Schmid,,,8481033,,0,,G,,,20242025,,,,L,,Akira Schmid,VGK,,,,,,,,,,,,,,,,,,,,,,,,,,,,TOR,False,,3.32,,,19.765149813670288,5.929544944101086,49.530299627340575,7800,G,41697407,10.71,2.533993565855165,9.055149813670287,3.0,5.0,1.25997,0.0,1.0,0.0,0.94444,85.0,90.0,0.0,,14286.0,2.0,28.333333333333332,1.6666666666666667,30.0,28.333333333333332,1.6666666666666667,30.0,0.6666666666666666,0.03943999999999992,1.0,0.48583712301149196,1.74003,3.3469387755102042,3.0816326530612246,0.26530612244897966,0.9036144578313253
1,,,,,27,0,DeSmith,,,8479193,,1,,G,,,20242025,,,,L,,Casey DeSmith,DAL,,,,,,,,,,,,,,,,,,,,,,,,,,,,STL,True,,2.42,,,17.053601389616766,5.11608041688503,44.10720277923353,8000,G,41697403,12.93,2.1317001737020957,4.123601389616766,24.0,65.0,2.59222,8.0,2.0,2.0,0.91458,696.0,761.0,2.0,,90270.0,14.0,29.0,2.7083333333333335,31.708333333333332,29.0,2.7083333333333335,31.708333333333332,0.5833333333333334,0.009579999999999922,1.0,0.49117700004343606,0.4077799999999998,3.3137254901960786,2.784313725490196,0.5294117647058827,1.2396694214876034
1,,,,,58,0,Oettinger,,,8479979,,1,,G,,,20242025,,,,L,,Jake Oettinger,DAL,,,,,,,,,,,,,,,,,,,,,,,,,,,,STL,True,,2.42,,,15.124484193433293,4.537345258029988,40.248968386866586,8000,G,41697402,11.92,1.8905605241791616,3.2044841934332933,58.0,147.0,2.58645,18.0,4.0,0.0,0.90875,1464.0,1611.0,2.0,,204604.0,36.0,25.24137931034483,2.5344827586206895,27.775862068965516,25.24137931034483,2.5344827586206895,27.775862068965516,0.6206896551724138,0.00374999999999992,0.0,0.4779070082776791,0.41354999999999986,3.3137254901960786,2.784313725490196,0.5294117647058827,1.2396694214876034
60,12.0,47.0,,3.0,68,16,Hughes,0.0,29.0,8480800,2.0,76,1.11764,D,4.0,29.0,20242025,0.0,0.0,0.08333,L,192.0,Quinn Hughes,VAN,1543.75,0.23529411764705882,0.8823529411764706,1.1176470588235294,2.823529411764706,0.4264705882352941,0.23529411764705882,0.8823529411764706,1.1176470588235294,2.823529411764706,1.5,0.4264705882352941,0.3815789473684211,0.058823529411764705,0.0,0.0,0.08333,0.0,0.0,0.2945034608512957,0.05400514069873004,1.4328794526188922e-11,0.0,0.0,1.0,25.729166666666668,1.406599582884821,NJD,True,3.02,2.62,1.0066666666666666,4.732236681608702,14.38881075710771,5.755524302843084,40.97202689276927,7600,D/UTIL,41697092,11.99,1.893264573303646,2.398810757107709,,,,,,,,,,,,,,,,,,,,,,,,,,,,
66,22.0,58.0,0.45614,3.0,77,28,Eichel,0.0,8.0,8478403,32.0,94,1.22077,C,5.0,34.0,20242025,1.0,2.0,0.12017,R,233.0,Jack Eichel,VGK,1232.0129,0.36363636363636365,0.8571428571428571,1.2207792207792207,3.0259740259740258,0.44155844155844154,0.36363636363636365,0.8571428571428571,1.2207792207792207,3.0259740259740258,0.5,0.44155844155844154,0.3617021276595745,0.06493506493506493,0.012987012987012988,0.025974025974025976,0.12017,0.0,0.0,0.3231480651476522,0.07743924249374677,2.0377483477747075e-07,1.0,0.0,0.0,20.533548333333332,1.4396062659974946,TOR,False,3.32,3.32,1.1066666666666667,5.318579606608073,14.19280372180967,5.677121488723868,40.482009304524176,9500,C/UTIL,41696534,16.51,1.49397933913786,-2.317196278190332,,,,,,,,,,,,,,,,,,,,,,,,,,,,
1,,,,,29,0,Gibson,,,8476434,,1,,G,,,20242025,,,,L,,John Gibson,ANA,,,,,,,,,,,,,,,,,,,,,,,,,,,,SEA,False,,2.795918367346939,,,13.896871800303657,4.169061540091097,37.793743600607314,7300,G,41697419,12.69,1.9036810685347476,1.2068718003036576,28.0,72.0,2.76541,11.0,2.0,4.0,0.91245,740.0,811.0,0.0,,93729.0,11.0,26.428571428571427,2.5714285714285716,28.964285714285715,26.428571428571427,2.5714285714285716,28.964285714285715,0.39285714285714285,0.007449999999999957,0.0,0.4822947054835098,0.23458999999999985,3.3,3.52,-0.2200000000000002,1.072992700729927
0,,,,,50,0,Hill,,,8478499,,0,,G,,,20242025,,,,L,,Adin Hill,VGK,,,,,,,,,,,,,,,,,,,,,,,,,,,,TOR,False,,3.32,,,13.449881602421344,4.034964480726403,36.899763204842685,7800,G,41697406,5.49,1.7243437951822236,7.959881602421344,50.0,121.0,2.4692,13.0,5.0,4.0,0.90641,1172.0,1293.0,4.0,,176413.0,32.0,23.44,2.42,25.86,23.44,2.42,25.86,0.64,0.0014100000000000223,0.0,0.4699935644808246,0.5308000000000002,3.3469387755102042,3.0816326530612246,0.26530612244897966,0.9036144578313253
0,,,,,36,0,Soderblom,,,8482821,,0,,G,,,20242025,,,,L,,Arvid Soderblom,CHI,,,,,,,,,,,,,,,,,,,,,,,,,,,,TBL,True,,3.5416666666666665,,,12.82295955095746,3.846887865287238,35.64591910191492,7000,G,41697427,6.69,1.8318513644224943,6.13295955095746,33.0,111.0,3.17672,18.0,7.0,0.0,0.89788,976.0,1087.0,0.0,,125790.0,10.0,29.575757575757574,3.3636363636363638,32.93939393939394,29.575757575757574,3.3636363636363638,32.93939393939394,0.30303030303030304,-0.007120000000000015,1.0,0.49468281314914414,-0.17672,2.78,3.14,-0.3600000000000003,0.8470588235294118
75,20.0,67.0,0.29411,7.0,81,27,Marner,3.0,14.0,8478483,18.0,102,1.25925,R,6.0,33.0,20242025,1.0,2.0,0.15606,R,173.0,Mitch Marner,TOR,1278.9259,0.3333333333333333,0.9259259259259259,1.2592592592592593,2.1358024691358026,0.4074074074074074,0.3333333333333333,0.9259259259259259,1.2592592592592593,2.1358024691358026,0.5,0.4074074074074074,0.3235294117647059,0.07407407407407407,0.012345679012345678,0.024691358024691357,0.15606,0.0,0.0,0.17948421880743462,0.08706577244027125,4.1399375473943306e-08,0.0,1.0,0.0,21.315431666666665,1.4956016970592845,VGK,True,3.0816326530612246,3.3469387755102042,1.0272108843537415,5.549202015073504,12.613286994638893,5.045314797855557,36.53321748659723,6200,C/UTIL,41696556,10.52,2.034401128167563,2.093286994638893,,,,,,,,,,,,,,,,,,,,,,,,,,,,
45,26.0,61.0,0.36842,6.0,82,35,Robertson,1.0,18.0,8480027,10.0,80,0.9756,L,9.0,19.0,20242025,0.0,0.0,0.16587,L,211.0,Jason Robertson,DAL,1067.6097,0.4268292682926829,0.5487804878048781,0.975609756097561,2.573170731707317,0.23170731707317074,0.4268292682926829,0.5487804878048781,0.975609756097561,2.573170731707317,0.5,0.23170731707317074,0.2375,0.10975609756097561,0.0,0.0,0.16587,0.0,0.0,0.25561644816473456,0.028539819299205696,2.731343303937426e-06,0.0,1.0,0.0,17.793495,1.3085346225371326,STL,True,3.42,2.42,1.14,4.311064007606437,12.376427227759866,4.950570891103947,35.94106806939966,8500,W/UTIL,41696718,15.49,1.456050262089396,-3.1135727722401345,,,,,,,,,,,,,,,,,,,,,,,,,,,,
12,6.0,18.0,0.52873,2.0,20,9,Seguin,0.0,4.0,8475794,15.0,21,1.05,C,3.0,3.0,20242025,0.0,0.0,0.19565,R,46.0,Tyler Seguin,DAL,968.95,0.45,0.6,1.05,2.3,0.15,0.45,0.6,1.05,2.3,0.5,0.15,0.14285714285714285,0.15,0.0,0.0,0.19565,0.0,0.0,0.20908745616589872,0.04081075047577856,5.893428978842337e-06,1.0,0.0,0.0,16.149166666666666,1.1322174397997558,STL,True,3.42,2.42,1.14,3.196748559609594,12.314491883686747,4.9257967534747,35.78622970921687,3900,C/UTIL,41696592,6.18,3.1575620214581406,6.1344918836867475,,,,,,,,,,,,,,,,,,,,,,,,,,,,
38,19.0,43.0,0.51155,4.0,82,33,Johnston,1.0,14.0,8482740,2.0,71,0.86585,C,11.0,25.0,20242025,3.0,3.0,0.16336,R,202.0,Wyatt Johnston,DAL,1135.5487,0.4024390243902439,0.4634146341463415,0.8658536585365854,2.4634146341463414,0.3048780487804878,0.4024390243902439,0.4634146341463415,0.8658536585365854,2.4634146341463414,0.5,0.3048780487804878,0.352112676056338,0.13414634146341464,0.036585365853658534,0.036585365853658534,0.16336,0.0,0.0,0.2373982738807273,0.01491822783759155,1.1047293383815508e-06,1.0,0.0,0.0,18.925811666666668,1.326887911535106,STL,True,3.42,2.42,1.14,3.826069306750713,11.521281927071378,4.608512770828551,33.80320481767845,6700,W/UTIL,41696742,12.81,1.71959431747334,-1.2887180729286225,,,,,,,,,,,,,,,,,,,,,,,,,,,,
17,22.0,35.0,0.1875,7.0,82,35,Dorofeyev,0.0,30.0,8481604,2.0,52,0.63414,R,13.0,17.0,20242025,0.0,0.0,0.13779,L,254.0,Pavel Dorofeyev,VGK,991.5975,0.4268292682926829,0.2073170731707317,0.6341463414634146,3.097560975609756,0.2073170731707317,0.4268292682926829,0.2073170731707317,0.6341463414634146,3.097560975609756,0.5,0.2073170731707317,0.3269230769230769,0.15853658536585366,0.0,0.0,0.13779,0.0,0.0,0.3326856904005252,0.0017571424798595021,2.731343303937426e-06,0.0,1.0,0.0,16.526625,1.1595940810955065,TOR,False,3.32,3.32,1.1066666666666667,2.802191604944184,11.292141299266,4.5168565197064,33.230353248165,6200,W/UTIL,41696752,10.59,1.8213131127848385,0.7021412992659997,,,,,,,,,,,,,,,,,,,,,,,,,,,,
29,18.0,38.0,0.55949,3.0,73,32,Hertl,0.0,20.0,8476881,-3.0,61,0.83561,C,14.0,23.0,20242025,0.0,0.0,0.18079,L,177.0,Tomas Hertl,VGK,1027.0,0.4383561643835616,0.3972602739726027,0.8356164383561644,2.4246575342465753,0.3150684931506849,0.4383561643835616,0.3972602739726027,0.8356164383561644,2.4246575342465753,0.5,0.3150684931506849,0.3770491803278688,0.1917808219178082,0.0,0.0,0.18079,0.0,0.0,0.230805858717933,0.012089214686356035,4.0452273848136735e-06,1.0,0.0,0.0,17.116666666666667,1.2000488267447744,TOR,False,3.32,3.32,1.1066666666666667,3.5965475436363614,11.052060623178383,4.420824249271353,32.63015155794596,6000,C/UTIL,41696560,11.31,1.8420101038630639,-0.2579393768216178,,,,,,,,,,,,,,,,,,,,,,,,,,,,
52,22.0,55.0,0.5238,6.0,82,30,Duchene,1.0,12.0,8475168,13.0,82,1.0,C,8.0,27.0,20242025,0.0,0.0,0.19736,L,152.0,Matt Duchene,DAL,1028.5731,0.36585365853658536,0.6341463414634146,1.0,1.853658536585366,0.32926829268292684,0.36585365853658536,0.6341463414634146,1.0,1.853658536585366,0.5,0.32926829268292684,0.32926829268292684,0.0975609756097561,0.0,0.0,0.19736,0.0,0.0,0.12745129196669783,0.032295464698450516,2.2661796142085853e-07,1.0,0.0,0.0,17.142885,1.2018869930635205,STL,True,3.42,2.42,1.14,4.418840607796598,10.768508329504286,4.307403331801715,31.921270823760715,3300,C/UTIL,41696614,5.61,3.2631843422740263,5.1585083295042855,,,,,,,,,,,,,,,,,,,,,,,,,,,,
39,20.0,45.0,0.53882,7.0,76,28,Hintz,0.0,30.0,8478449,18.0,67,0.88157,C,7.0,20.0,20242025,1.0,2.0,0.175,L,160.0,Roope Hintz,DAL,1013.4736,0.3684210526315789,0.5131578947368421,0.881578947368421,2.1052631578947367,0.2631578947368421,0.3684210526315789,0.5131578947368421,0.881578947368421,2.1052631578947367,0.5,0.2631578947368421,0.29850746268656714,0.09210526315789473,0.013157894736842105,0.02631578947368421,0.175,0.0,0.0,0.17388593293154467,0.01654358956167707,2.558763071451736e-07,1.0,0.0,0.0,16.891226666666668,1.1842432372120768,STL,True,3.42,2.42,1.14,3.829407411371011,10.70494787621089,4.281979150484356,31.762369690527223,5400,C/UTIL,41696566,9.69,1.9823977548538683,1.0149478762108899,,,,,,,,,,,,,,,,,,,,,,,,,,,,
48,14.0,41.0,0.33333,4.0,66,19,Stone,0.0,14.0,8475913,22.0,67,1.01515,R,5.0,25.0,20242025,0.0,1.0,0.14503,R,131.0,Mark Stone,VGK,1155.2575,0.2878787878787879,0.7272727272727273,1.0151515151515151,1.9848484848484849,0.3787878787878788,0.2878787878787879,0.7272727272727273,1.0151515151515151,1.9848484848484849,0.5,0.3787878787878788,0.373134328358209,0.07575757575757576,0.0,0.015151515151515152,0.14503,0.0,0.0,0.15166152163744484,0.03476096890910196,2.0208717805074968e-09,0.0,1.0,0.0,19.254291666666667,1.3509813801882238,TOR,False,3.32,3.32,1.1066666666666667,4.268400083321132,10.617379393709133,4.246951757483653,31.54344848427283,7500,W/UTIL,41696726,15.1,1.4156505858278843,-4.482620606290867,,,,,,,,,,,,,,,,,,,,,,,,,,,,
34,15.0,35.0,,3.0,78,16,Harley,2.0,16.0,8481581,32.0,50,0.64102,D,1.0,15.0,20242025,0.0,0.0,0.09356,L,171.0,Thomas Harley,DAL,1402.9358,0.20512820512820512,0.4358974358974359,0.6410256410256411,2.1923076923076925,0.19230769230769232,0.20512820512820512,0.4358974358974359,0.6410256410256411,2.1923076923076925,1.5,0.19230769230769232,0.3,0.01282051282051282,0.0,0.0,0.09356,0.0,0.0,0.18977666656348677,0.0019152309418740798,2.6657387105891176e-13,0.0,0.0,1.0,23.382263333333334,1.2782956509112116,STL,True,3.42,2.42,1.14,2.800928110555783,10.608543712316314,4.243417484926526,31.521359280790783,5000,D/UTIL,41697118,9.47,2.121708742463263,1.138543712316313,,,,,,,,,,,,,,,,,,,,,,,,,,,,
50,5.0,38.0,,2.0,67,7,Theodore,0.0,26.0,8477447,18.0,57,0.85074,D,2.0,19.0,20242025,0.0,0.0,0.05468,L,128.0,Shea Theodore,VGK,1319.5223,0.1044776119402985,0.746268656716418,0.8507462686567164,1.9104477611940298,0.2835820895522388,0.1044776119402985,0.746268656716418,0.8507462686567164,1.9104477611940298,1.5,0.2835820895522388,0.3333333333333333,0.029850746268656716,0.0,0.0,0.05468,0.0,0.0,0.1379035651693398,0.013456610411954657,2.649458488058233e-26,0.0,0.0,1.0,21.992038333333333,1.2022928043965795,TOR,False,3.32,3.32,1.1066666666666667,3.589730435746837,10.504581636067307,4.201832654426923,31.261454090168268,5300,D/UTIL,41697114,10.35,1.9819965351070392,0.15458163606730757,,,,,,,,,,,,,,,,,,,,,,,,,,,,
44,12.0,38.0,0.38262,5.0,82,23,Bedard,1.0,70.0,8484144,-36.0,67,0.81707,C,11.0,29.0,20242025,0.0,0.0,0.11794,R,195.0,Connor Bedard,CHI,1217.1341,0.2804878048780488,0.5365853658536586,0.8170731707317073,2.3780487804878048,0.35365853658536583,0.2804878048780488,0.5365853658536586,0.8170731707317073,2.3780487804878048,0.5,0.35365853658536583,0.43283582089552236,0.13414634146341464,0.0,0.0,0.11794,0.0,0.0,0.2227741239964351,0.01054198951962366,1.1275024510286835e-09,1.0,0.0,0.0,20.285568333333334,1.4222203979513701,TBL,True,2.5208333333333335,3.5416666666666665,0.8402777777777778,3.610516106370391,10.089124640227663,4.035649856091065,30.22281160056916,8000,C/UTIL,41696542,15.86,1.2611405800284579,-5.770875359772337,,,,,,,,,,,,,,,,,,,,,,,,,,,,
25,17.0,37.0,0.48,4.0,62,22,Marchment,0.0,53.0,8478975,15.0,47,0.75806,L,5.0,10.0,20242025,0.0,0.0,0.16417,L,134.0,Mason Marchment,DAL,920.387,0.3548387096774194,0.4032258064516129,0.7580645161290323,2.161290322580645,0.16129032258064516,0.3548387096774194,0.4032258064516129,0.7580645161290323,2.161290322580645,0.5,0.16129032258064516,0.2127659574468085,0.08064516129032258,0.0,0.0,0.16417,0.0,0.0,0.18413838047360528,0.006511455155004854,1.3194123236511614e-07,0.0,1.0,0.0,15.339783333333333,1.1280885286384001,STL,True,3.42,2.42,1.14,3.1407634216193876,10.045686712841047,4.018274685136419,30.114216782102616,4400,W/UTIL,41696794,6.71,2.283110616554783,3.3356867128410466,,,,,,,,,,,,,,,,,,,,,,,,,,,,
31,26.0,48.0,0.44571,3.0,80,31,Donato,0.0,41.0,8477987,-15.0,62,0.775,C,5.0,14.0,20242025,0.0,0.0,0.17032,L,182.0,Ryan Donato,CHI,978.55,0.3875,0.3875,0.775,2.275,0.175,0.3875,0.3875,0.775,2.275,0.5,0.175,0.22580645161290322,0.0625,0.0,0.0,0.17032,0.0,0.0,0.20464542769464528,0.0075349084228755045,5.998336302723935e-07,1.0,0.0,0.0,16.309166666666666,1.1434350335064254,TBL,True,2.5208333333333335,3.5416666666666665,0.8402777777777778,3.4056980948711404,10.035561508518606,4.014224603407443,30.088903771296515,3100,W/UTIL,41696850,5.57,3.2372779059737438,4.465561508518606,,,,,,,,,,,,,,,,,,,,,,,,,,,,
5,0.0,2.0,,0.0,9,0,Rinzel,0.0,0.0,8483506,1.0,5,0.55555,D,0.0,3.0,20242025,0.0,0.0,0.0,R,22.0,Sam Rinzel,CHI,1401.6666,0.0,0.5555555555555556,0.5555555555555556,2.4444444444444446,0.3333333333333333,0.0,0.5555555555555556,0.5555555555555556,2.4444444444444446,1.5,0.3333333333333333,0.6,0.0,0.0,0.0,0.0,0.0,0.0,0.23418154589631976,0.000563939208692237,7.095474162284704e-23,0.0,0.0,1.0,23.36111,1.2771392096541443,TBL,True,2.5208333333333335,3.5416666666666665,0.8402777777777778,1.2792139405522478,9.5063086282668,3.80252345130672,28.765771570667,2500,D/UTIL,41697234,5.31,3.80252345130672,4.1963086282668,,,,,,,,,,,,,,,,,,,,,,,,,,,,
20,5.0,18.0,,0.0,50,5,Heiskanen,0.0,10.0,8480036,7.0,25,0.5,D,0.0,7.0,20242025,0.0,0.0,0.04629,L,108.0,Miro Heiskanen,DAL,1509.62,0.1,0.4,0.5,2.16,0.14,0.1,0.4,0.5,2.16,1.5,0.14,0.28,0.0,0.0,0.0,0.04629,0.0,0.0,0.18390319795423882,0.00020342697805520653,1.7242592032261513e-27,0.0,0.0,1.0,25.16033333333333,1.3755017731592443,STL,True,3.42,2.42,1.14,1.9659128163621629,9.416852764010965,3.7667411056043862,28.542131910027415,6300,D/UTIL,41697102,11.24,1.4947385339699946,-1.823147235989035,,,,,,,,,,,,,,,,,,,,,,,,,,,,
29,8.0,29.0,,2.0,80,10,Hanifin,0.0,14.0,8478396,8.0,39,0.4875,D,2.0,10.0,20242025,0.0,0.0,0.06896,L,145.0,Noah Hanifin,VGK,1293.15,0.125,0.3625,0.4875,1.8125,0.125,0.125,0.3625,0.4875,1.8125,1.5,0.125,0.2564102564102564,0.025,0.0,0.0,0.06896,0.0,0.0,0.11992891944184167,0.00015661889989513288,5.940967779046551e-22,0.0,0.0,1.0,21.552500000000002,1.178263482174903,TOR,False,3.32,3.32,1.1066666666666667,2.142293962902814,8.487670720865612,3.395068288346245,26.21917680216403,4500,D/UTIL,41697128,9.19,1.8861490490812471,-0.7023292791343874,,,,,,,,,,,,,,,,,,,,,,,,,,,,
20,8.0,22.0,,1.0,81,11,Andersson,0.0,60.0,8478397,-38.0,31,0.38271,D,3.0,9.0,20242025,0.0,0.0,0.06748,R,163.0,Rasmus Andersson,CGY,1439.1111,0.13580246913580246,0.24691358024691357,0.38271604938271603,2.0123456790123457,0.1111111111111111,0.13580246913580246,0.24691358024691357,0.38271604938271603,2.0123456790123457,1.5,0.1111111111111111,0.2903225806451613,0.037037037037037035,0.0,0.0,0.06748,0.0,0.0,0.1567491682648887,8.93248984291546e-06,3.433293627514826e-20,0.0,0.0,1.0,23.985185,1.3112570513262614,WSH,True,2.980392156862745,3.176470588235294,0.9934640522875817,1.6865221810517512,8.434957662155362,3.373983064862145,26.087394155388406,2500,D/UTIL,41697278,11.35,3.373983064862145,-2.9150423378446373,,,,,,,,,,,,,,,,,,,,,,,,,,,,
28,21.0,48.0,0.36363,3.0,70,23,Barbashev,1.0,10.0,8477964,26.0,51,0.72857,L,2.0,3.0,20242025,0.0,0.0,0.2072,L,111.0,Ivan Barbashev,VGK,1007.9,0.32857142857142857,0.4,0.7285714285714285,1.5857142857142856,0.04285714285714286,0.32857142857142857,0.4,0.7285714285714285,1.5857142857142856,0.5,0.04285714285714286,0.058823529411764705,0.02857142857142857,0.0,0.0,0.2072,0.0,0.0,0.08015519739111221,0.004966801650056961,3.137752563457903e-08,0.0,1.0,0.0,16.798333333333332,1.2353503776288055,TOR,False,3.32,3.32,1.1066666666666667,3.1056667675586724,8.35842337728761,3.3433693509150437,25.896058443219022,4000,W/UTIL,41696804,7.31,2.0896058443219023,1.0484233772876097,,,,,,,,,,,,,,,,,,,,,,,,,,,,
20,7.0,21.0,0.58073,4.0,53,9,Karlsson,0.0,4.0,8476448,17.0,29,0.54716,C,0.0,6.0,20242025,2.0,2.0,0.07563,L,119.0,William Karlsson,VGK,1020.849,0.16981132075471697,0.37735849056603776,0.5471698113207547,2.2452830188679247,0.11320754716981132,0.16981132075471697,0.37735849056603776,0.5471698113207547,2.2452830188679247,0.5,0.11320754716981132,0.20689655172413793,0.0,0.03773584905660377,0.03773584905660377,0.07563,0.0,0.0,0.1993317466333067,0.0004899634611582103,4.1565891464466893e-16,1.0,0.0,0.0,17.01415,1.1928613872770948,TOR,False,3.32,3.32,1.1066666666666667,2.182651648120075,8.303818836518875,3.3215275346075503,25.759547091297186,3400,C/UTIL,41696608,8.71,2.442299657799669,-0.40618116348112565,,,,,,,,,,,,,,,,,,,,,,,,,,,,
29,4.0,29.0,,1.0,71,4,Pietrangelo,0.0,16.0,8474565,11.0,33,0.46478,D,0.0,2.0,20242025,0.0,2.0,0.03252,R,123.0,Alex Pietrangelo,VGK,1344.1267,0.056338028169014086,0.4084507042253521,0.4647887323943662,1.732394366197183,0.028169014084507043,0.056338028169014086,0.4084507042253521,0.4647887323943662,1.732394366197183,1.5,0.028169014084507043,0.06060606060606061,0.0,0.0,0.028169014084507043,0.03252,0.0,0.0,0.10548910771084867,9.394310543716069e-05,6.0220007626784975e-49,0.0,0.0,1.0,22.402111666666666,1.2247112910538305,TOR,False,3.32,3.32,1.1066666666666667,1.987746224331406,8.019090378324659,3.2076361513298637,25.04772594581165,2700,D/UTIL,41697210,0.0,2.970033473453577,8.019090378324659,,,,,,,,,,,,,,,,,,,,,,,,,,,,
33,15.0,39.0,0.55954,4.0,80,16,Benn,1.0,70.0,8473994,3.0,49,0.6125,L,1.0,10.0,20242025,0.0,0.0,0.11764,L,136.0,Jamie Benn,DAL,918.075,0.2,0.4125,0.6125,1.7,0.125,0.2,0.4125,0.6125,1.7,0.5,0.125,0.20408163265306123,0.0125,0.0,0.0,0.11764,0.0,0.0,0.09975048911968513,0.0013229985541140144,1.2015425731770428e-13,0.0,1.0,0.0,15.301250000000001,1.125254785138968,STL,True,3.42,2.42,1.14,2.6916001072368694,7.72287960460012,3.089151841840048,24.307199011500302,2900,W/UTIL,41696874,5.94,2.663061932620731,1.7828796046001196,,,,,,,,,,,,,,,,,,,,,,,,,,,,
23,13.0,26.0,0.46808,1.0,82,23,Bertuzzi,0.0,51.0,8477479,-39.0,46,0.56097,L,10.0,20.0,20242025,0.0,0.0,0.17557,L,131.0,Tyler Bertuzzi,CHI,960.1707,0.2804878048780488,0.2804878048780488,0.5609756097560976,1.5975609756097562,0.24390243902439024,0.2804878048780488,0.2804878048780488,0.5609756097560976,1.5975609756097562,0.5,0.24390243902439024,0.43478260869565216,0.12195121951219512,0.0,0.0,0.17557,0.0,0.0,0.08213090104908903,0.000616211228998112,1.1275024510286835e-09,0.0,1.0,0.0,16.002845,1.176850120878177,TBL,True,2.5208333333333335,3.5416666666666665,0.8402777777777778,2.4788618043737016,7.199079860732973,2.8796319442931892,22.997699651832434,4800,W/UTIL,41696784,10.25,1.4998083043193695,-3.050920139267027,,,,,,,,,,,,,,,,,,,,,,,,,,,,
43,8.0,32.0,0.39215,0.0,82,15,Teravainen,0.0,12.0,8476882,-23.0,58,0.70731,C,7.0,24.0,20242025,0.0,2.0,0.13513,L,111.0,Teuvo Teravainen,CHI,1023.939,0.18292682926829268,0.524390243902439,0.7073170731707317,1.353658536585366,0.2926829268292683,0.18292682926829268,0.524390243902439,0.7073170731707317,1.353658536585366,0.5,0.2926829268292683,0.41379310344827586,0.08536585365853659,0.0,0.024390243902439025,0.13513,0.0,0.0,0.04509446735976967,0.0040284186195050755,6.133566520744342e-15,1.0,0.0,0.0,17.065649999999998,1.1964720502514288,TBL,True,2.5208333333333335,3.5416666666666665,0.8402777777777778,3.1255214055146667,7.1715008375670255,2.8686003350268106,22.928752093917563,3000,W/UTIL,41696856,5.81,2.3905002791890086,1.361500837567026,,,,,,,,,,,,,,,,,,,,,,,,,,,,
20,7.0,25.0,,1.0,74,7,Miller,0.0,22.0,8480817,0.0,27,0.36486,D,0.0,2.0,20242025,0.0,0.0,0.06363,L,110.0,K'Andre Miller,NYR,1316.7972,0.0945945945945946,0.2702702702702703,0.36486486486486486,1.4864864864864864,0.02702702702702703,0.0945945945945946,0.2702702702702703,0.36486486486486486,1.4864864864864864,1.5,0.02702702702702703,0.07407407407407407,0.0,0.0,0.0,0.06363,0.0,0.0,0.06423669895634053,4.654004939249205e-06,4.513669928413132e-29,0.0,0.0,1.0,21.94662,1.1998098087539435,SJS,False,3.5306122448979593,3.122448979591837,1.1768707482993197,1.575299717101086,7.162986070594989,2.8651944282379955,22.90746517648747,3300,D/UTIL,41697164,7.31,2.170601839574239,-0.147013929405011,,,,,,,,,,,,,,,,,,,,,,,,,,,,
17,22.0,39.0,0.52713,4.0,80,23,Howden,1.0,46.0,8479353,17.0,40,0.5,C,0.0,0.0,20242025,1.0,1.0,0.184,L,125.0,Brett Howden,VGK,891.775,0.2875,0.2125,0.5,1.5625,0.0,0.2875,0.2125,0.5,1.5625,0.5,0.0,0.0,0.0,0.0125,0.0125,0.184,0.0,0.0,0.07632686164553515,0.00020342697805520653,1.962762248401295e-09,1.0,0.0,0.0,14.862916666666667,1.042038502892231,TOR,False,3.32,3.32,1.1066666666666667,2.1972245773362196,7.015064325707203,2.8060257302828813,22.53766081426801,2600,W/UTIL,41696900,4.76,2.6981016637335395,2.2550643257072034,,,,,,,,,,,,,,,,,,,,,,,,,,,,
14,10.0,20.0,0.44619,2.0,53,12,Nazar,1.0,24.0,8483493,-11.0,26,0.49056,C,1.0,4.0,20242025,1.0,2.0,0.13186,R,91.0,Frank Nazar,CHI,952.283,0.22641509433962265,0.2641509433962264,0.49056603773584906,1.7169811320754718,0.07547169811320754,0.22641509433962265,0.2641509433962264,0.49056603773584906,1.7169811320754718,0.5,0.07547169811320754,0.15384615384615385,0.018867924528301886,0.018867924528301886,0.03773584905660377,0.13186,0.0,0.0,0.1027502498065944,0.00016719979892230094,4.951898883872913e-12,1.0,0.0,0.0,15.871383333333334,1.112742061225895,TBL,True,2.5208333333333335,3.5416666666666665,0.8402777777777778,1.9568600983145499,6.9738941706608255,2.7895576682643304,22.434735426652065,4300,C/UTIL,41696584,8.14,1.6218358536420525,-1.166105829339175,,,,,,,,,,,,,,,,,,,,,,,,,,,,
14,17.0,31.0,0.08333,3.0,80,20,Mikheyev,0.0,16.0,8481624,4.0,34,0.425,R,0.0,0.0,20242025,3.0,3.0,0.14492,L,138.0,Ilya Mikheyev,CHI,940.6125,0.25,0.175,0.425,1.725,0.0,0.25,0.175,0.425,1.725,0.5,0.0,0.0,0.0,0.0375,0.0375,0.14492,0.0,0.0,0.10417332793592916,3.3631964038671175e-05,7.052879850614729e-11,0.0,1.0,0.0,15.676874999999999,1.0999711955752685,TBL,True,2.5208333333333335,3.5416666666666665,0.8402777777777778,1.8676408907357867,6.7450562810068835,2.6980225124027535,21.862640702517208,2800,W/UTIL,41696876,5.26,2.4089486717881727,1.4850562810068837,,,,,,,,,,,,,,,,,,,,,,,,,,,,
3,2.0,5.0,0.33333,1.0,13,4,Mantha,0.0,11.0,8477511,6.0,7,0.53846,R,1.0,1.0,20242025,1.0,1.0,0.26666,L,15.0,Anthony Mantha,CGY,834.1538,0.3076923076923077,0.23076923076923078,0.5384615384615384,1.1538461538461537,0.07692307692307693,0.3076923076923077,0.23076923076923078,0.5384615384615384,1.1538461538461537,0.5,0.07692307692307693,0.14285714285714285,0.07692307692307693,0.07692307692307693,0.07692307692307693,0.26666,0.0,0.0,0.022361969193544173,0.0004214328550923578,8.410793559209271e-09,0.0,1.0,0.0,13.902563333333335,0.975476248380341,WSH,True,2.980392156862745,3.176470588235294,0.9934640522875817,1.4210308697928313,6.64611811654371,2.6584472466174844,21.615295291359274,3300,W/UTIL,41696840,7.87,2.0139751868314275,-1.22388188345629,,,,,,,,,,,,,,,,,,,,,,,,,,,,
0,,,,,10,0,Silovs,,,8481668,,0,,G,,,20242025,,,,L,,Arturs Silovs,VAN,,,,,,,,,,,,,,,,,,,,,,,,,,,,NJD,True,,2.62,,,6.545758442943092,1.9637275328829276,23.091516885886186,7100,G,41697425,10.11,0.9219378088652243,-3.5642415570569073,9.0,33.0,3.64965,6.0,1.0,2.0,0.86134,205.0,238.0,0.0,,32551.0,2.0,22.77777777777778,3.6666666666666665,26.444444444444443,22.77777777777778,3.6666666666666665,26.444444444444443,0.2222222222222222,-0.04366000000000003,0.0,0.47252769565540637,-0.6496499999999998,2.66,3.66,-1.0,1.1450381679389312
21,4.0,25.0,,0.0,80,5,Lindell,0.0,14.0,8476902,34.0,26,0.325,D,1.0,1.0,20242025,0.0,0.0,0.0505,L,99.0,Esa Lindell,DAL,1330.8375,0.0625,0.2625,0.325,1.2375,0.0125,0.0625,0.2625,0.325,1.2375,1.5,0.0125,0.038461538461538464,0.0125,0.0,0.0,0.0505,0.0,0.0,0.030894621579764456,8.379490563502034e-07,4.215398337519074e-44,0.0,0.0,1.0,22.180625000000003,1.2126027351497835,STL,True,3.42,2.42,1.14,1.4281959752685427,6.449187448387513,2.5796749793550053,21.122968620968784,3400,D/UTIL,41697160,7.85,1.8968198377610332,-1.4008125516124865,,,,,,,,,,,,,,,,,,,,,,,,,,,,
26,3.0,17.0,,0.0,82,4,Vlasic,0.0,12.0,8481568,-23.0,30,0.36585,D,1.0,12.0,20242025,0.0,1.0,0.03883,L,103.0,Alex Vlasic,CHI,1395.7682,0.04878048780487805,0.3170731707317073,0.36585365853658536,1.2560975609756098,0.14634146341463414,0.04878048780487805,0.3170731707317073,0.36585365853658536,1.2560975609756098,1.5,0.14634146341463414,0.4,0.012195121951219513,0.0,0.012195121951219513,0.03883,0.0,0.0,0.03299034530253285,4.833185261644587e-06,1.465600722143592e-56,0.0,0.0,1.0,23.262803333333334,1.2717648375215531,TBL,True,2.5208333333333335,3.5416666666666665,0.8402777777777778,1.6166490028524139,6.379088741418058,2.5516354965672234,20.947721853545147,2900,D/UTIL,41697186,5.48,2.199685772902779,0.8990887414180575,,,,,,,,,,,,,,,,,,,,,,,,,,,,
27,10.0,29.0,0.5,1.0,79,10,Burakovsky,0.0,12.0,8477444,-3.0,37,0.46835,L,0.0,8.0,20242025,0.0,0.0,0.08695,L,115.0,Andre Burakovsky,SEA,865.3417,0.12658227848101267,0.34177215189873417,0.46835443037974683,1.4556962025316456,0.10126582278481013,0.12658227848101267,0.34177215189873417,0.46835443037974683,1.4556962025316456,0.5,0.10126582278481013,0.21621621621621623,0.0,0.0,0.0,0.08695,0.0,0.0,0.05955682714323567,0.00010212721441724979,1.1238799647874026e-21,0.0,1.0,0.0,14.422361666666665,1.0606212877001215,ANA,True,3.52,3.3,1.1733333333333333,2.0523415883915646,6.2240011452241255,2.4896004580896505,20.560002863060312,3600,W/UTIL,41696820,7.28,1.7288892070067015,-1.0559988547758747,,,,,,,,,,,,,,,,,,,,,,,,,,,,
20,11.0,29.0,0.48437,1.0,78,15,Foligno,0.0,48.0,8473422,-17.0,35,0.44871,L,2.0,4.0,20242025,2.0,2.0,0.14423,L,104.0,Nick Foligno,CHI,955.4871,0.19230769230769232,0.2564102564102564,0.44871794871794873,1.3333333333333333,0.05128205128205128,0.19230769230769232,0.2564102564102564,0.44871794871794873,1.3333333333333333,0.5,0.05128205128205128,0.11428571428571428,0.02564102564102564,0.02564102564102564,0.02564102564102564,0.14423,0.0,0.0,0.0424249824979713,6.341705637019239e-05,3.3574820458213175e-14,0.0,1.0,0.0,15.924785000000002,1.1711095840901404,TBL,True,2.5208333333333335,3.5416666666666665,0.8402777777777778,1.9606496773890483,5.869253017356879,2.3477012069427516,19.6731325433922,2500,C/UTIL,41696644,4.74,2.3477012069427516,1.1292530173568789,,,,,,,,,,,,,,,,,,,,,,,,,,,,
6,0.0,4.0,,0.0,18,0,Levshunov,0.0,8.0,8484783,-13.0,6,0.33333,D,0.0,2.0,20242025,0.0,0.0,0.0,R,21.0,Artyom Levshunov,CHI,1218.9444,0.0,0.3333333333333333,0.3333333333333333,1.1666666666666667,0.1111111111111111,0.0,0.3333333333333333,0.3333333333333333,1.1666666666666667,1.5,0.1111111111111111,0.3333333333333333,0.0,0.0,0.0,0.0,0.0,0.0,0.023572734787647896,1.2404935411305788e-06,7.095474162284704e-23,0.0,0.0,1.0,20.31574,1.11065048395128,TBL,True,2.5208333333333335,3.5416666666666665,0.8402777777777778,0.9814796597221467,5.86126330563097,2.344505322252388,19.653158264077426,3400,D/UTIL,41697156,5.95,1.7239009722444032,-0.08873669436902976,,,,,,,,,,,,,,,,,,,,,,,,,,,,
5,5.0,9.0,0.0,1.0,31,6,Texier,0.0,10.0,8480074,-3.0,11,0.35483,L,1.0,2.0,20242025,0.0,0.0,0.12,L,50.0,Alexandre Texier,STL,749.258,0.1935483870967742,0.16129032258064516,0.3548387096774194,1.6129032258064515,0.06451612903225806,0.1935483870967742,0.16129032258064516,0.3548387096774194,1.6129032258064515,0.5,0.06451612903225806,0.18181818181818182,0.03225806451612903,0.0,0.0,0.12,0.0,0.0,0.08471056573073575,3.135473344468396e-06,4.1524200211755836e-14,0.0,1.0,0.0,12.487633333333333,0.9183412573086651,DAL,False,2.784313725490196,3.3137254901960786,0.9281045751633986,1.2297772558321611,5.861210612899784,2.3444842451599137,19.65302653224946,3900,W/UTIL,41696806,6.24,1.5028745161281498,-0.37878938710021615,,,,,,,,,,,,,,,,,,,,,,,,,,,,
17,2.0,18.0,,0.0,68,2,Murphy,0.0,52.0,8476473,-2.0,19,0.27941,D,0.0,0.0,20242025,0.0,1.0,0.0238,R,84.0,Connor Murphy,CHI,1236.897,0.029411764705882353,0.25,0.27941176470588236,1.2352941176470589,0.0,0.029411764705882353,0.25,0.27941176470588236,1.2352941176470589,1.5,0.0,0.0,0.0,0.0,0.014705882352941176,0.0238,0.0,0.0,0.03065073764601961,6.475650722688082e-08,6.159519316347959e-94,0.0,0.0,1.0,20.61495,1.1270081323216108,TBL,True,2.5208333333333335,3.5416666666666665,0.8402777777777778,1.1830591704021756,5.848238118400597,2.339295247360239,19.620595296001493,2800,D/UTIL,41697196,4.7,2.088656470857356,1.148238118400597,,,,,,,,,,,,,,,,,,,,,,,,,,,,
15,4.0,18.0,,0.0,82,5,McNabb,0.0,32.0,8475188,42.0,20,0.2439,D,0.0,0.0,20242025,1.0,2.0,0.05154,L,97.0,Brayden McNabb,VGK,1206.7682,0.06097560975609756,0.18292682926829268,0.24390243902439024,1.1829268292682926,0.0,0.06097560975609756,0.18292682926829268,0.24390243902439024,1.1829268292682926,1.5,0.0,0.0,0.0,0.012195121951219513,0.024390243902439025,0.05154,0.0,0.0,0.025159343901852118,4.541538505020036e-09,3.291453250519816e-45,0.0,0.0,1.0,20.112803333333332,1.0995560464833465,TOR,False,3.32,3.32,1.1066666666666667,1.0777660019016093,5.823280816006674,2.3293123264026696,19.558202040016685,3300,D/UTIL,41697162,6.81,1.764630550305053,-0.9867191839933254,,,,,,,,,,,,,,,,,,,,,,,,,,,,
5,4.0,9.0,,1.0,38,4,Bichsel,0.0,41.0,8483425,2.0,9,0.23684,D,0.0,0.0,20242025,0.0,0.0,0.10256,L,39.0,Lian Bichsel,DAL,893.4473,0.10526315789473684,0.13157894736842105,0.23684210526315788,1.0263157894736843,0.0,0.10526315789473684,0.13157894736842105,0.23684210526315788,1.0263157894736843,1.5,0.0,0.0,0.0,0.0,0.0,0.10256,0.0,0.0,0.012272641523876662,2.434965288454475e-09,4.1774976453852733e-26,0.0,0.0,1.0,14.890788333333335,0.814071319520369,STL,True,3.42,2.42,1.14,0.8676856530307057,5.757931193772746,2.3031724775090985,19.394827984431867,2500,D/UTIL,41697380,2.55,2.3031724775090985,3.2079311937727466,,,,,,,,,,,,,,,,,,,,,,,,,,,,
10,9.0,16.0,0.52573,1.0,69,11,Haula,0.0,39.0,8475287,-6.0,21,0.30434,L,2.0,5.0,20242025,0.0,0.0,0.1,L,110.0,Erik Haula,NJD,882.2463,0.15942028985507245,0.14492753623188406,0.30434782608695654,1.5942028985507246,0.07246376811594203,0.15942028985507245,0.14492753623188406,0.30434782608695654,1.5942028985507246,0.5,0.07246376811594203,0.23809523809523808,0.028985507246376812,0.0,0.0,0.1,0.0,0.0,0.08156940232040363,2.889121581556238e-07,3.5977556383775806e-17,0.0,1.0,0.0,14.704105,1.0813407082712734,VAN,False,3.66,2.66,1.22,1.2930202910585007,5.697742444144202,2.279096977657681,19.244356110360506,3200,C/UTIL,41696618,6.58,1.780544513795063,-0.8822575558557979,,,,,,,,,,,,,,,,,,,,,,,,,,,,
1,3.0,4.0,,0.0,14,3,Kaliyev,0.0,2.0,8481560,2.0,4,0.28571,R,0.0,0.0,20242025,0.0,0.0,0.14285,L,21.0,Arthur Kaliyev,NYR,672.6428,0.21428571428571427,0.07142857142857142,0.2857142857142857,1.5,0.0,0.21428571428571427,0.07142857142857142,0.2857142857142857,1.5,0.5,0.0,0.0,0.0,0.0,0.0,0.14285,0.0,0.0,0.06633224988740995,9.685991312740994e-08,1.0060392792823047e-12,0.0,1.0,0.0,11.210713333333333,0.7866020331550942,SJS,False,3.5306122448979593,3.122448979591837,1.1768707482993197,0.7737286288863456,5.571565183295221,2.2286260733180887,18.92891295823805,2500,W/UTIL,41697070,5.5,2.2286260733180887,0.07156518329522132,,,,,,,,,,,,,,,,,,,,,,,,,,,,
15,11.0,26.0,0.25,2.0,78,12,Pearson,0.0,8.0,8476871,4.0,27,0.34615,L,0.0,0.0,20242025,1.0,1.0,0.11009,L,109.0,Tanner Pearson,VGK,707.1923,0.15384615384615385,0.19230769230769232,0.34615384615384615,1.3974358974358974,0.0,0.15384615384615385,0.19230769230769232,0.34615384615384615,1.3974358974358974,0.5,0.0,0.0,0.0,0.01282051282051282,0.01282051282051282,0.11009,0.0,0.0,0.05109061258824338,2.186222215246997e-06,8.448861291557757e-18,0.0,1.0,0.0,11.786538333333334,0.8667826915975629,TOR,False,3.32,3.32,1.1066666666666667,1.5125011797001229,5.429812902056328,2.1719251608225316,18.57453225514082,2500,W/UTIL,41696974,3.83,2.171925160822531,1.5998129020563283,,,,,,,,,,,,,,,,,,,,,,,,,,,,
5,0.0,5.0,,0.0,39,0,Lundkvist,0.0,20.0,8480878,4.0,5,0.1282,D,0.0,0.0,20242025,0.0,0.0,0.0,R,52.0,Nils Lundkvist,DAL,900.6666,0.0,0.1282051282051282,0.1282051282051282,1.3333333333333333,0.0,0.0,0.1282051282051282,0.1282051282051282,1.3333333333333333,1.5,0.0,0.0,0.0,0.0,0.0,0.0,0.0,0.0,0.0424249824979713,2.897784793817841e-17,7.095474162284704e-23,0.0,0.0,1.0,15.01111,0.8206492397592162,STL,True,3.42,2.42,1.14,0.4729332633479405,5.382371598896036,2.1529486395584145,18.45592899724009,2600,D/UTIL,41697222,4.66,2.0701429226523214,0.7223715988960357,,,,,,,,,,,,,,,,,,,,,,,,,,,,
1,0.0,1.0,,0.0,5,0,Solovyov,0.0,2.0,8482470,-3.0,1,0.2,D,0.0,0.0,20242025,0.0,0.0,0.0,L,6.0,Ilya Solovyov,CGY,940.2,0.0,0.2,0.2,1.2,0.0,0.0,0.2,0.2,1.2,1.5,0.0,0.0,0.0,0.0,0.0,0.0,0.0,0.0,0.02688617384976771,4.6109597445956297e-11,7.095474162284704e-23,0.0,0.0,1.0,15.67,0.8566703985932365,WSH,True,2.980392156862745,3.176470588235294,0.9934640522875817,0.358351893845611,5.380991033599697,2.1523964134398788,18.452477583999244,2500,D/UTIL,41697330,4.49,2.1523964134398788,0.8909910335996969,,,,,,,,,,,,,,,,,,,,,,,,,,,,
13,6.0,19.0,,1.0,74,6,Perbix,0.0,20.0,8480246,8.0,19,0.25675,D,0.0,0.0,20242025,0.0,0.0,0.0909,R,66.0,Nick Perbix,TBL,881.081,0.08108108108108109,0.17567567567567569,0.25675675675675674,0.8918918918918919,0.0,0.08108108108108109,0.17567567567567569,0.25675675675675674,0.8918918918918919,1.5,0.0,0.0,0.0,0.0,0.0,0.0909,0.0,0.0,0.0053771666107894165,1.293721354423885e-08,5.9768469426774e-34,0.0,0.0,1.0,14.684683333333334,0.8028036709880104,CHI,False,3.14,2.78,1.0466666666666666,1.108544245367431,5.35878770265776,2.143515081063104,18.3969692566444,2500,D/UTIL,41697340,4.4,2.143515081063104,0.9587877026577596,,,,,,,,,,,,,,,,,,,,,,,,,,,,
7,5.0,12.0,,1.0,68,5,Hague,0.0,40.0,8479980,-2.0,12,0.17647,D,0.0,0.0,20242025,0.0,0.0,0.06756,L,74.0,Nicolas Hague,VGK,1019.7647,0.07352941176470588,0.10294117647058823,0.17647058823529413,1.088235294117647,0.0,0.07352941176470588,0.10294117647058823,0.17647058823529413,1.088235294117647,1.5,0.0,0.0,0.0,0.0,0.0,0.06756,0.0,0.0,0.016726814947676565,1.538828043394445e-12,1.8601338374964916e-37,0.0,0.0,1.0,16.996078333333333,0.9291663816425358,TOR,False,3.32,3.32,1.1066666666666667,0.7471952655171635,5.305795096671092,2.122318038668437,18.26448774167773,2500,D/UTIL,41697342,3.93,2.122318038668437,1.3757950966710921,,,,,,,,,,,,,,,,,,,,,,,,,,,,
4,4.0,8.0,,0.0,57,4,Kaiser,0.0,14.0,8482176,0.0,8,0.14035,D,0.0,0.0,20242025,0.0,0.0,0.0606,L,66.0,Wyatt Kaiser,CHI,1087.0175,0.07017543859649122,0.07017543859649122,0.14035087719298245,1.1578947368421053,0.0,0.07017543859649122,0.07017543859649122,0.14035087719298245,1.1578947368421053,1.5,0.0,0.0,0.0,0.0,0.0,0.0606,0.0,0.0,0.02274047087425884,9.05993085298348e-16,2.950777298815083e-39,0.0,0.0,1.0,18.116958333333333,0.9904442831342516,TBL,True,2.5208333333333335,3.5416666666666665,0.8402777777777778,0.5698867383223044,5.129568022209529,2.051827208883812,17.82392005552382,2500,D/UTIL,41697226,4.33,2.051827208883812,0.7995680222095292,,,,,,,,,,,,,,,,,,,,,,,,,,,,
4,2.0,6.0,,0.0,24,2,Del Mastro,0.0,6.0,8482807,-3.0,6,0.25,D,0.0,0.0,20242025,0.0,0.0,0.10526,L,19.0,Ethan Del Mastro,CHI,1098.5416,0.08333333333333333,0.16666666666666666,0.25,0.7916666666666666,0.0,0.08333333333333333,0.16666666666666666,0.25,0.7916666666666666,1.5,0.0,0.0,0.0,0.0,0.0,0.10526,0.0,0.0,0.002412776558910439,7.562984061066411e-09,5.004352675326472e-33,0.0,0.0,1.0,18.309026666666668,1.000944554715222,TBL,True,2.5208333333333335,3.5416666666666665,0.8402777777777778,0.8047189562170501,5.113612221760395,2.045444888704158,17.784030554400985,2500,D/UTIL,41697232,4.2,2.045444888704158,0.9136122217603946,,,,,,,,,,,,,,,,,,,,,,,,,,,,
4,4.0,8.0,0.27272,1.0,37,4,Wood,0.0,48.0,8477425,-5.0,8,0.21621,L,0.0,0.0,20242025,0.0,0.0,0.06666,L,60.0,Miles Wood,COL,681.2972,0.10810810810810811,0.10810810810810811,0.21621621621621623,1.6216216216216217,0.0,0.10810810810810811,0.10810810810810811,0.21621621621621623,1.6216216216216217,0.5,0.0,0.0,0.0,0.0,0.0,0.06666,0.0,0.0,0.08618664479793421,3.1216163532985707e-10,2.0562364068333514e-25,0.0,1.0,0.0,11.354953333333333,0.8350439064365988,PHI,True,3.163265306122449,3.0,1.054421768707483,0.7865051156165158,5.090680952450433,2.0362723809801735,17.72670238112608,2500,W/UTIL,41696918,5.53,2.036272380980173,-0.4393190475495672,,,,,,,,,,,,,,,,,,,,,,,,,,,,
10,0.0,10.0,,0.0,40,0,Korczak,0.0,2.0,8481527,15.0,10,0.25,D,0.0,0.0,20242025,0.0,0.0,0.0,R,34.0,Kaedan Korczak,VGK,904.4,0.0,0.25,0.25,0.85,0.0,0.0,0.25,0.25,0.85,1.5,0.0,0.0,0.0,0.0,0.0,0.0,0.0,0.0,0.003937228093969001,7.562984061066411e-09,7.095474162284704e-23,0.0,0.0,1.0,15.073333333333332,0.8240509556346767,TOR,False,3.32,3.32,1.1066666666666667,0.928393016676077,5.015800694282393,2.006320277712957,17.539501735705983,2500,D/UTIL,41697272,5.22,2.006320277712957,-0.2041993057176068,,,,,,,,,,,,,,,,,,,,,,,,,,,,
14,13.0,23.0,0.41666,3.0,81,14,Mangiapane,0.0,24.0,8478233,0.0,28,0.34567,L,0.0,4.0,20242025,1.0,1.0,0.14736,L,95.0,Andrew Mangiapane,WSH,781.5802,0.1728395061728395,0.1728395061728395,0.345679012345679,1.1728395061728396,0.04938271604938271,0.1728395061728395,0.1728395061728395,0.345679012345679,1.1728395061728396,0.5,0.04938271604938271,0.14285714285714285,0.0,0.012345679012345678,0.012345679012345678,0.14736,0.0,0.0,0.024168362778103337,2.1424220475812607e-06,8.023966827380322e-16,0.0,1.0,0.0,13.026336666666667,0.9579575307244741,CGY,False,2.98,2.56,0.9933333333333333,1.523310357079001,4.9848056707515225,1.993922268300609,17.462014176878807,2500,W/UTIL,41696984,3.69,1.993922268300609,1.2948056707515225,,,,,,,,,,,,,,,,,,,,,,,,,,,,
5,0.0,5.0,,0.0,32,1,Smith,0.0,33.0,8474090,-9.0,6,0.1875,D,0.0,0.0,20242025,1.0,1.0,0.03703,L,27.0,Brendan Smith,DAL,792.5312,0.03125,0.15625,0.1875,0.84375,0.0,0.03125,0.15625,0.1875,0.84375,1.5,0.0,0.0,0.0,0.03125,0.03125,0.03703,0.0,0.0,0.0037482308544828217,8.423463754397692e-12,2.1222740597452403e-88,0.0,0.0,1.0,13.208853333333334,0.7221208455664497,STL,True,3.42,2.42,1.14,0.6555951677749651,4.984490947755744,1.9937963791022977,17.461227369389363,2500,D/UTIL,41697242,2.82,1.9937963791022977,2.1644909477557444,,,,,,,,,,,,,,,,,,,,,,,,,,,,
14,10.0,22.0,0.46264,1.0,73,11,Bourque,0.0,8.0,8482145,6.0,25,0.34246,C,1.0,3.0,20242025,0.0,0.0,0.1375,R,80.0,Mavrik Bourque,DAL,761.041,0.1506849315068493,0.1917808219178082,0.3424657534246575,1.095890410958904,0.0410958904109589,0.1506849315068493,0.1917808219178082,0.3424657534246575,1.095890410958904,0.5,0.0410958904109589,0.12,0.0136986301369863,0.0,0.0,0.1375,0.0,0.0,0.01733569313774634,1.8654619046805855e-06,3.542077757366505e-18,1.0,0.0,0.0,12.684016666666668,0.8892759095955891,STL,True,3.42,2.42,1.14,1.473994894932935,4.931721807953833,1.9726887231815333,17.329304519884584,3500,W/UTIL,41696830,5.25,1.4090633737010951,-0.3182781920461668,,,,,,,,,,,,,,,,,,,,,,,,,,,,
2,0.0,2.0,,0.0,11,0,Hutton,0.0,0.0,8477018,0.0,2,0.18181,D,0.0,0.0,20242025,0.0,0.0,0.0,L,11.0,Ben Hutton,VGK,794.0,0.0,0.18181818181818182,0.18181818181818182,1.0,0.0,0.0,0.18181818181818182,0.18181818181818182,1.0,1.5,0.0,0.0,0.0,0.0,0.0,0.0,0.0,0.0,0.010630576886143987,3.6003141873758284e-12,7.095474162284704e-23,0.0,0.0,1.0,13.233333333333333,0.7234591538853751,TOR,False,3.32,3.32,1.1066666666666667,0.4518012090523637,4.918438361996305,1.967375344798522,17.296095904990764,2700,D/UTIL,41697208,5.83,1.821643837776409,-0.911561638003695,,,,,,,,,,,,,,,,,,,,,,,,,,,,
18,12.0,29.0,0.33333,3.0,82,12,Kolesar,0.0,53.0,8478434,3.0,30,0.36585,R,0.0,0.0,20242025,0.0,1.0,0.13636,R,88.0,Keegan Kolesar,VGK,791.6341,0.14634146341463414,0.21951219512195122,0.36585365853658536,1.0731707317073171,0.0,0.14634146341463414,0.21951219512195122,0.36585365853658536,1.0731707317073171,0.5,0.0,0.0,0.0,0.0,0.012195121951219513,0.13636,0.0,0.0,0.015566124294370882,4.833185261644587e-06,1.0090725825245333e-18,0.0,1.0,0.0,13.193901666666667,0.9257528551185017,TOR,False,3.32,3.32,1.1066666666666667,1.6166490028524139,4.899479790593044,1.9597919162372177,17.24869947648261,2500,W/UTIL,41696956,3.41,1.9597919162372175,1.4894797905930437,,,,,,,,,,,,,,,,,,,,,,,,,,,,
4,0.0,4.0,0.4074,0.0,9,0,Moore,0.0,4.0,8484197,-2.0,4,0.44444,C,0.0,0.0,20242025,0.0,0.0,0.0,L,10.0,Oliver Moore,CHI,814.6666,0.0,0.4444444444444444,0.4444444444444444,1.1111111111111112,0.0,0.0,0.4444444444444444,0.4444444444444444,1.1111111111111112,0.5,0.0,0.0,0.0,0.0,0.0,0.0,0.0,0.0,0.018584524634821697,5.685213100650898e-05,7.095474162284704e-23,1.0,0.0,0.0,13.577776666666667,0.9519373880410462,TBL,True,2.5208333333333335,3.5416666666666665,0.8402777777777778,1.023371152441798,4.723757911413736,1.8895031645654943,16.80939477853434,3000,C/UTIL,41696624,4.65,1.5745859704712453,0.07375791141373522,,,,,,,,,,,,,,,,,,,,,,,,,,,,
1,3.0,4.0,,0.0,32,3,Crevier,0.0,10.0,8481806,-6.0,4,0.125,D,0.0,0.0,20242025,0.0,0.0,0.10714,R,28.0,Louis Crevier,CHI,1037.125,0.09375,0.03125,0.125,0.875,0.0,0.09375,0.03125,0.125,0.875,1.5,0.0,0.0,0.0,0.0,0.0,0.10714,0.0,0.0,0.004759427303818765,1.0449265343612044e-17,2.4595236594562504e-29,0.0,0.0,1.0,17.285416666666666,0.944984351351851,TBL,True,2.5208333333333335,3.5416666666666665,0.8402777777777778,0.43706344518331003,4.659136211097974,1.8636544844391896,16.647840527744933,2600,D/UTIL,41697216,5.7,1.791975465806913,-1.0408637889020262,,,,,,,,,,,,,,,,,,,,,,,,,,,,
19,5.0,22.0,0.535,1.0,79,6,Steel,0.0,31.0,8479351,-6.0,25,0.31645,C,0.0,0.0,20242025,1.0,3.0,0.06741,L,89.0,Sam Steel,DAL,848.4177,0.0759493670886076,0.24050632911392406,0.31645569620253167,1.1265822784810127,0.0,0.0759493670886076,0.24050632911392406,0.31645569620253167,1.1265822784810127,0.5,0.0,0.0,0.0,0.012658227848101266,0.0379746835443038,0.06741,0.0,0.0,0.019905962504733032,5.485427894344221e-07,2.9463388971206282e-36,1.0,0.0,0.0,14.140295,0.991375526265336,STL,True,3.42,2.42,1.14,1.38671728945376,4.658941901015461,1.8635767604061844,16.647354752538654,2900,W/UTIL,41696872,4.52,1.6065316900053315,0.13894190101546133,,,,,,,,,,,,,,,,,,,,,,,,,,,,
12,3.0,15.0,,1.0,63,3,Zamula,0.0,6.0,8481178,-14.0,15,0.23809,D,0.0,0.0,20242025,0.0,0.0,0.08108,L,37.0,Egor Zamula,PHI,991.3492,0.047619047619047616,0.19047619047619047,0.23809523809523808,0.5873015873015873,0.0,0.047619047619047616,0.19047619047619047,0.23809523809523808,0.5873015873015873,1.5,0.0,0.0,0.0,0.0,0.0,0.08108,0.0,0.0,0.0002003357856139216,2.7271737982182833e-09,6.0492566314248936e-58,0.0,0.0,1.0,16.522486666666666,0.9032753821623973,COL,False,2.375,3.9791666666666665,0.7916666666666666,0.9902102579427788,4.493736995707551,1.7974947982830205,16.234342489268876,2500,D/UTIL,41697238,3.36,1.7974947982830205,1.1337369957075514,,,,,,,,,,,,,,,,,,,,,,,,,,,,
13,1.0,14.0,,0.0,80,1,Lyubushkin,0.0,32.0,8480950,5.0,14,0.175,D,0.0,0.0,20242025,0.0,0.0,0.0196,R,51.0,Ilya Lyubushkin,DAL,1043.2125,0.0125,0.1625,0.175,0.6375,0.0,0.0125,0.1625,0.175,0.6375,1.5,0.0,0.0,0.0,0.0,0.0,0.0196,0.0,0.0,0.00042817275099409687,1.2070314197713853e-12,2.708257804756241e-221,0.0,0.0,1.0,17.386875,0.950531023391243,STL,True,3.42,2.42,1.14,0.7690286020676768,4.453408223002792,1.7813632892011169,16.13352055750698,2500,D/UTIL,41697376,5.03,1.7813632892011166,-0.5765917769972084,,,,,,,,,,,,,,,,,,,,,,,,,,,,
1,1.0,2.0,,0.0,7,1,Steeves,0.0,0.0,8482634,3.0,2,0.28571,C,0.0,0.0,20242025,0.0,0.0,0.14285,L,7.0,Alex Steeves,TOR,593.4285,0.14285714285714285,0.14285714285714285,0.2857142857142857,1.0,0.0,0.14285714285714285,0.14285714285714285,0.2857142857142857,1.0,0.5,0.0,0.0,0.0,0.0,0.0,0.14285,0.0,0.0,0.010630576886143987,9.685991312740994e-08,3.487261531994447e-19,1.0,0.0,0.0,9.890475,0.6934208132248407,VGK,True,3.0816326530612246,3.3469387755102042,1.0272108843537415,0.5941261547656673,4.363410158474388,1.7453640633897554,15.90852539618597,2800,W/UTIL,41696878,5.99,1.5583607708837102,-1.626589841525612,,,,,,,,,,,,,,,,,,,,,,,,,,,,
8,3.0,10.0,0.23076,0.0,53,4,Holtz,0.0,10.0,8482125,-3.0,12,0.22641,R,1.0,2.0,20242025,0.0,0.0,0.05797,R,69.0,Alexander Holtz,VGK,695.0943,0.07547169811320754,0.1509433962264151,0.22641509433962265,1.3018867924528301,0.03773584905660377,0.07547169811320754,0.1509433962264151,0.22641509433962265,1.3018867924528301,0.5,0.03773584905660377,0.16666666666666666,0.018867924528301886,0.0,0.0,0.05797,0.0,0.0,0.03844497950917788,9.032696413825687e-10,1.7320632843579587e-36,0.0,1.0,0.0,11.584905,0.8128572692884203,TOR,False,3.32,3.32,1.1066666666666667,0.9031661992221,4.332621809731103,1.7330487238924412,15.831554524327757,2500,W/UTIL,41696958,4.19,1.7330487238924412,0.14262180973110272,,,,,,,,,,,,,,,,,,,,,,,,,,,,
11,4.0,13.0,0.49025,0.0,63,6,Blackwell,0.0,16.0,8476278,4.0,17,0.26984,C,0.0,1.0,20242025,2.0,3.0,0.09523,R,63.0,Colin Blackwell,DAL,693.7619,0.09523809523809523,0.1746031746031746,0.2698412698412698,1.0,0.015873015873015872,0.09523809523809523,0.1746031746031746,0.2698412698412698,1.0,0.5,0.015873015873015872,0.058823529411764705,0.0,0.031746031746031744,0.047619047619047616,0.09523,0.0,0.0,0.010630576886143987,3.389494211310198e-08,7.116867685597094e-29,1.0,0.0,0.0,11.562698333333334,0.8106603253507552,STL,True,3.42,2.42,1.14,1.1222382923351495,4.27989212537225,1.7119568501489,15.699730313430624,2500,W/UTIL,41697078,2.8,1.7119568501489,1.47989212537225,,,,,,,,,,,,,,,,,,,,,,,,,,,,
5,2.0,7.0,0.5,0.0,25,2,Dach,0.0,17.0,8482703,-3.0,7,0.28,C,0.0,0.0,20242025,0.0,0.0,0.07407,L,27.0,Colton Dach,CHI,727.68,0.08,0.2,0.28,1.08,0.0,0.08,0.2,0.28,1.08,0.5,0.0,0.0,0.0,0.0,0.0,0.07407,0.0,0.0,0.016086141171101874,6.728787489239171e-08,2.0655430329572718e-34,1.0,0.0,0.0,12.127999999999998,0.850293602965567,TBL,True,2.5208333333333335,3.5416666666666665,0.8402777777777778,0.9122670306460151,4.12985072772682,1.6519402910907282,15.32462681931705,2500,W/UTIL,41696908,3.4,1.6519402910907282,0.7298507277268205,,,,,,,,,,,,,,,,,,,,,,,,,,,,
0,0.0,0.0,,0.0,5,0,Petrovic,0.0,4.0,8475755,-2.0,0,0.0,D,0.0,0.0,20242025,0.0,0.0,0.0,R,5.0,Alexander Petrovic,DAL,846.4,0.0,0.0,0.0,1.0,0.0,0.0,0.0,0.0,1.0,1.5,0.0,0.0,0.0,0.0,0.0,0.0,0.0,0.0,0.010630576886143987,7.095474162284704e-23,7.095474162284704e-23,0.0,0.0,1.0,14.106666666666666,0.7712038134113117,STL,True,3.42,2.42,1.14,0.0,4.094750686142303,1.6379002744569213,15.23687671535576,2500,D/UTIL,41697374,5.42,1.6379002744569213,-1.3252493138576966,,,,,,,,,,,,,,,,,,,,,,,,,,,,
9,7.0,16.0,0.49454,0.0,59,7,Dickinson,0.0,38.0,8477450,-11.0,16,0.27118,C,0.0,0.0,20242025,0.0,0.0,0.125,L,56.0,Jason Dickinson,CHI,941.9491,0.11864406779661017,0.15254237288135594,0.2711864406779661,0.9491525423728814,0.0,0.11864406779661017,0.15254237288135594,0.2711864406779661,0.9491525423728814,0.5,0.0,0.0,0.0,0.0,0.0,0.125,0.0,0.0,0.007869151486570728,3.7226311130399394e-08,3.866363038055606e-23,1.0,0.0,0.0,15.699151666666667,1.100666905850337,TBL,True,2.5208333333333335,3.5416666666666665,0.8402777777777778,1.1103307287381967,4.000690625360515,1.600276250144206,15.001726563401288,2800,C/UTIL,41696632,5.02,1.4288180804858983,-1.0193093746394846,,,,,,,,,,,,,,,,,,,,,,,,,,,,
10,5.0,15.0,0.56992,1.0,70,5,Faksa,0.0,30.0,8476889,-2.0,15,0.21428,C,0.0,0.0,20242025,0.0,0.0,0.07352,L,68.0,Radek Faksa,STL,781.4142,0.07142857142857142,0.14285714285714285,0.21428571428571427,0.9714285714285714,0.0,0.07142857142857142,0.14285714285714285,0.21428571428571427,0.9714285714285714,0.5,0.0,0.0,0.0,0.0,0.0,0.07352,0.0,0.0,0.009013298652847822,2.5240151062081506e-10,1.4524234901684268e-38,1.0,0.0,0.0,13.023570000000001,0.9130819804398311,DAL,False,2.784313725490196,3.3137254901960786,0.9281045751633986,0.913431402223139,3.5667272815830993,1.4266909126332399,13.916818203957748,2500,C/UTIL,41696706,4.0,1.4266909126332397,-0.43327271841690074,,,,,,,,,,,,,,,,,,,,,,,,,,,,
4,2.0,6.0,0.0,1.0,33,2,Slaggert,0.0,23.0,8482172,-7.0,6,0.18181,L,0.0,0.0,20242025,0.0,0.0,0.05882,L,34.0,Landon Slaggert,CHI,738.4545,0.06060606060606061,0.12121212121212122,0.18181818181818182,1.0303030303030303,0.0,0.06060606060606061,0.12121212121212122,0.18181818181818182,1.0303030303030303,0.5,0.0,0.0,0.0,0.0,0.0,0.05882,0.0,0.0,0.012534376849161715,3.6003141873758284e-12,1.7399026871411065e-45,0.0,1.0,0.0,12.307575000000002,0.9050997573535975,TBL,True,2.5208333333333335,3.5416666666666665,0.8402777777777778,0.6411564590211203,3.488719599999767,1.3954878399999069,13.721798999999418,2500,W/UTIL,41696906,3.59,1.3954878399999067,-0.10128040000023297,,,,,,,,,,,,,,,,,,,,,,,,,,,,
6,2.0,8.0,0.32,1.0,59,4,Bastian,0.0,31.0,8479414,-4.0,10,0.16949,R,1.0,1.0,20242025,1.0,1.0,0.0909,R,44.0,Nathan Bastian,NJD,656.2542,0.06779661016949153,0.1016949152542373,0.1694915254237288,0.7457627118644068,0.01694915254237288,0.06779661016949153,0.1016949152542373,0.1694915254237288,0.7457627118644068,0.5,0.01694915254237288,0.1,0.01694915254237288,0.01694915254237288,0.01694915254237288,0.0909,0.0,0.0,0.0015543356489664472,4.681442125432532e-13,1.2179312464180526e-40,0.0,1.0,0.0,10.93757,0.7674368743507993,VAN,False,3.66,2.66,1.22,0.6939567054613729,3.1423355302453944,1.256934212098158,12.855838825613485,2500,W/UTIL,41697076,2.3,1.2569342120981577,0.8423355302453945,,,,,,,,,,,,,,,,,,,,,,,,,,,,
7,1.0,8.0,0.50458,0.0,42,1,Schwindt,0.0,0.0,8481655,3.0,8,0.19047,R,0.0,0.0,20242025,0.0,0.0,0.03125,R,32.0,Cole Schwindt,VGK,555.3809,0.023809523809523808,0.16666666666666666,0.19047619047619047,0.7619047619047619,0.0,0.023809523809523808,0.16666666666666666,0.19047619047619047,0.7619047619047619,0.5,0.0,0.0,0.0,0.0,0.0,0.03125,0.0,0.0,0.001825331497254404,1.2884449459050958e-11,4.370471016124048e-116,0.0,1.0,0.0,9.256348333333333,0.649473606371028,TOR,False,3.32,3.32,1.1066666666666667,0.7164190696559166,3.0317921818714746,1.21271687274859,12.579480454678686,2500,C/UTIL,41696678,2.72,1.2127168727485897,0.3117921818714744,,,,,,,,,,,,,,,,,,,,,,,,,,,,
5,0.0,4.0,0.5,0.0,19,0,Lycksell,0.0,2.0,8480245,-3.0,5,0.26315,R,0.0,1.0,20242025,0.0,0.0,0.0,L,10.0,Olle Lycksell,PHI,713.4736,0.0,0.2631578947368421,0.2631578947368421,0.5263157894736842,0.05263157894736842,0.0,0.2631578947368421,0.2631578947368421,0.5263157894736842,0.5,0.05263157894736842,0.2,0.0,0.0,0.0,0.0,0.0,0.0,6.550403333979157e-05,2.0973627516824958e-08,7.095474162284704e-23,0.0,1.0,0.0,11.891226666666666,0.8343503927530103,COL,False,2.375,3.9791666666666665,0.7916666666666666,0.7883505983036818,2.814664116262025,1.12586564650481,12.036660290655062,2500,W/UTIL,41697068,4.17,1.12586564650481,-1.355335883737975,,,,,,,,,,,,,,,,,,,,,,,,,,,,
1,0.0,1.0,0.6,0.0,5,0,Hryckowian,0.0,0.0,8484829,1.0,1,0.2,C,0.0,0.0,20242025,0.0,0.0,0.0,L,3.0,Justin Hryckowian,DAL,472.8,0.0,0.2,0.2,0.6,0.0,0.0,0.2,0.2,0.6,0.5,0.0,0.0,0.0,0.0,0.0,0.0,0.0,0.0,0.00024571042446373695,4.6109597445956297e-11,7.095474162284704e-23,1.0,0.0,0.0,7.88,0.5524664900534852,STL,True,3.42,2.42,1.14,0.358351893845611,2.8126016633947932,1.1250406653579172,12.031504158486984,2700,C/UTIL,41696638,4.46,1.0417043197758493,-1.6473983366052067,,,,,,,,,,,,,,,,,,,,,,,,,,,,
1,0.0,1.0,0.6,0.0,18,0,Anderson,0.0,0.0,8479315,-2.0,1,0.05555,R,0.0,0.0,20242025,0.0,0.0,0.0,R,17.0,Joey Anderson,CHI,743.6111,0.0,0.05555555555555555,0.05555555555555555,0.9444444444444444,0.0,0.0,0.05555555555555555,0.05555555555555555,0.9444444444444444,0.5,0.0,0.0,0.0,0.0,0.0,0.0,0.0,0.0,0.00764016433231995,7.414249226045573e-40,7.095474162284704e-23,0.0,1.0,0.0,12.393518333333333,0.8695937920344886,TBL,True,2.5208333333333335,3.5416666666666665,0.8402777777777778,0.16357994328702444,2.5061941305315076,1.002477652212603,11.265485326328768,2500,W/UTIL,41696912,0.0,1.002477652212603,2.5061941305315076,,,,,,,,,,,,,,,,,,,,,,,,,,,,
3,2.0,5.0,0.5125,0.0,48,2,Lazar,0.0,14.0,8477508,-6.0,5,0.10416,C,0.0,0.0,20242025,0.0,0.0,0.07407,R,27.0,Curtis Lazar,NJD,634.0208,0.041666666666666664,0.0625,0.10416666666666667,0.5625,0.0,0.041666666666666664,0.0625,0.10416666666666667,0.5625,0.5,0.0,0.0,0.0,0.0,0.0,0.07407,0.0,0.0,0.00013092686459760026,2.9870520149985172e-21,2.991024998760449e-66,1.0,0.0,0.0,10.567013333333334,0.740852889164346,VAN,False,3.66,2.66,1.22,0.40539794771985693,2.3870661590200544,0.9548264636080218,10.967665397550135,2500,C/UTIL,41696674,2.84,0.9548264636080217,-0.4529338409799455,,,,,,,,,,,,,,,,,,,,,,,,,,,,
0,1.0,1.0,0.43243,0.0,8,1,Laczynski,0.0,6.0,8479550,-1.0,1,0.125,C,0.0,0.0,20242025,0.0,0.0,0.5,R,2.0,Tanner Laczynski,VGK,516.0,0.125,0.0,0.125,0.25,0.0,0.125,0.0,0.125,0.25,0.5,0.0,0.0,0.0,0.0,0.0,0.5,0.0,0.0,4.448280407262178e-10,1.0449265343612044e-17,5.940967779046551e-22,1.0,0.0,0.0,8.6,0.6029456617334991,TOR,False,3.32,3.32,1.1066666666666667,0.27465307216702745,2.2733000013558358,0.9093200005423343,10.683250003389588,2500,C/UTIL,41696658,5.47,0.9093200005423343,-3.196699998644164,,,,,,,,,,,,,,,,,,,,,,,,,,,,
0,0.0,0.0,,0.0,23,0,MacDermid,0.0,23.0,8477073,-5.0,0,0.0,L,0.0,0.0,20242025,0.0,0.0,0.0,L,7.0,Kurtis MacDermid,NJD,346.5652,0.0,0.0,0.0,0.30434782608695654,0.0,0.0,0.0,0.0,0.30434782608695654,0.5,0.0,0.0,0.0,0.0,0.0,0.0,0.0,0.0,2.5471279562658976e-08,7.095474162284704e-23,7.095474162284704e-23,0.0,1.0,0.0,5.776086666666667,0.4247737381615265,VAN,False,3.66,2.66,1.22,0.0,1.2979870354572343,0.5191948141828937,8.244967588643085,2500,W/UTIL,41697066,0.91,0.5191948141828937,0.38798703545723423,,,,,,,,,,,,,,,,,,,,,,,,,,,,
