date_label,pct_drafted,predicted_own,error,abs_error
feb01,44.94,13.07600277373784,-31.863997226262157,31.863997226262157
feb01,35.39,11.01964836248403,-24.37035163751597,24.37035163751597
feb01,34.27,7.347378186895405,-26.9226218131046,26.9226218131046
feb01,31.18,9.662054951137218,-21.51794504886278,21.51794504886278
feb01,29.78,10.90767039774534,-18.87232960225466,18.87232960225466
feb01,26.69,11.580770769963056,-15.109229230036945,15.109229230036945
feb01,24.72,8.254890529005788,-16.46510947099421,16.46510947099421
feb01,23.6,8.48716922367706,-15.11283077632294,15.11283077632294
feb01,21.91,9.874358103712844,-12.035641896287157,12.035641896287157
feb01,19.66,6.981385528786976,-12.678614471213024,12.678614471213024
feb01,19.1,5.12934925359807,-13.970650746401931,13.970650746401931
feb01,18.54,9.839652006613466,-8.700347993386533,8.700347993386533
feb01,18.54,7.943366945319539,-10.59663305468046,10.59663305468046
feb01,18.54,6.140224588537359,-12.39977541146264,12.39977541146264
feb01,18.26,5.139396941519395,-13.120603058480606,13.120603058480606
feb01,17.42,13.567852896972088,-3.8521471030279137,3.8521471030279137
feb01,16.57,2.24682953211919,-14.32317046788081,14.32317046788081
feb01,16.57,11.306720673715148,-5.263279326284852,5.263279326284852
feb01,15.45,8.954922136925214,-6.495077863074785,6.495077863074785
feb01,15.45,9.149375054770374,-6.300624945229625,6.300624945229625
feb01,14.33,11.842549319138548,-2.4874506808614516,2.4874506808614516
feb01,14.04,10.066324594908975,-3.973675405091024,3.973675405091024
feb01,13.76,9.994641626249042,-3.765358373750958,3.765358373750958
feb01,13.76,11.571080939812733,-2.188919060187267,2.188919060187267
feb01,13.76,7.243252866019416,-6.516747133980584,6.516747133980584
feb01,12.36,7.501642068134022,-4.858357931865977,4.858357931865977
feb01,12.08,11.234593670931346,-0.8454063290686538,0.8454063290686538
feb01,11.52,12.462848544499604,0.9428485444996042,0.9428485444996042
feb01,11.52,4.390460396749815,-7.129539603250184,7.129539603250184
feb01,10.67,5.61996460075967,-5.05003539924033,5.05003539924033
feb01,10.67,9.021986134359885,-1.6480138656401149,1.6480138656401149
feb01,10.39,5.070289773843592,-5.319710226156409,5.319710226156409
feb01,9.83,2.965877370788774,-6.864122629211226,6.864122629211226
feb01,9.83,7.186487547821377,-2.643512452178623,2.643512452178623
feb01,9.27,7.744724999579344,-1.5252750004206552,1.5252750004206552
feb01,9.27,6.000259778852598,-3.2697402211474014,3.2697402211474014
feb01,9.27,5.857417427419829,-3.4125825725801704,3.4125825725801704
feb01,8.99,3.4158227637649605,-5.574177236235039,5.574177236235039
feb01,8.43,4.333614677903137,-4.096385322096863,4.096385322096863
feb01,8.43,7.499218477940319,-0.9307815220596805,0.9307815220596805
feb01,8.15,2.2411417281144894,-5.908858271885511,5.908858271885511
feb01,8.15,5.589081974221507,-2.560918025778493,2.560918025778493
feb01,8.15,8.245787204538765,0.09578720453876421,0.09578720453876421
feb01,7.87,5.3763735864943065,-2.4936264135056936,2.4936264135056936
feb01,7.87,6.077055680530517,-1.7929443194694832,1.7929443194694832
feb01,7.3,7.1622670166385936,-0.13773298336140627,0.13773298336140627
feb01,7.3,8.199715646634164,0.8997156466341645,0.8997156466341645
feb01,7.3,5.7035353497214905,-1.5964646502785094,1.5964646502785094
feb01,7.02,5.058267007955621,-1.9617329920443787,1.9617329920443787
feb01,6.46,7.97709535318046,1.5170953531804603,1.5170953531804603
feb01,6.18,5.24416832352426,-0.9358316764757397,0.9358316764757397
feb01,5.62,4.473247518022245,-1.1467524819777548,1.1467524819777548
feb01,5.34,3.3421581394644737,-1.9978418605355261,1.9978418605355261
feb01,5.34,7.1839877450461955,1.8439877450461957,1.8439877450461957
feb01,4.78,3.822395964812704,-0.9576040351872961,0.9576040351872961
feb01,4.21,5.102952383798718,0.8929523837987183,0.8929523837987183
feb01,4.21,7.677406599582292,3.467406599582292,3.467406599582292
feb01,4.21,6.4857913535058085,2.2757913535058085,2.2757913535058085
feb01,3.65,3.2199882550474945,-0.4300117449525054,0.4300117449525054
feb01,3.65,5.543375203014022,1.8933752030140218,1.8933752030140218
feb01,3.37,4.099316328402491,0.7293163284024908,0.7293163284024908
feb01,3.09,3.7040833603727488,0.6140833603727489,0.6140833603727489
feb01,3.09,1.755245887973543,-1.3347541120264568,1.3347541120264568
feb01,2.81,4.411820894359928,1.601820894359928,1.601820894359928
feb01,2.81,4.7866213651604275,1.9766213651604274,1.9766213651604274
feb01,2.81,4.6095039234518005,1.7995039234518004,1.7995039234518004
feb01,2.53,3.0117675973267124,0.4817675973267126,0.4817675973267126
feb01,2.53,3.774352060632539,1.2443520606325391,1.2443520606325391
feb01,2.53,3.9006049584305424,1.3706049584305426,1.3706049584305426
feb01,2.25,3.3420598644721116,1.0920598644721116,1.0920598644721116
feb01,2.25,3.6336794532319967,1.3836794532319967,1.3836794532319967
feb01,1.97,1.668225273009993,-0.30177472699000707,0.30177472699000707
feb01,1.97,3.9691618503629544,1.9991618503629545,1.9991618503629545
feb01,1.97,3.2282701971133467,1.2582701971133468,1.2582701971133468
feb01,1.69,2.5299915541725055,0.8399915541725056,0.8399915541725056
feb01,1.69,5.374728236178917,3.6847282361789166,3.6847282361789166
feb01,1.69,3.9630233568837174,2.2730233568837175,2.2730233568837175
feb01,1.69,3.5221165750451524,1.8321165750451525,1.8321165750451525
feb01,1.4,2.6348056640210915,1.2348056640210916,1.2348056640210916
feb01,1.4,1.7410982386050495,0.3410982386050496,0.3410982386050496
feb01,1.12,3.36899202158844,2.24899202158844,2.24899202158844
feb01,1.12,2.4898454950339413,1.3698454950339412,1.3698454950339412
feb01,1.12,3.1724621564084794,2.0524621564084793,2.0524621564084793
feb01,0.84,2.0300046408918635,1.1900046408918636,1.1900046408918636
feb01,0.84,2.855324700295712,2.015324700295712,2.015324700295712
feb01,0.84,1.7644833284377945,0.9244833284377946,0.9244833284377946
feb01,0.56,1.853543163703536,1.293543163703536,1.293543163703536
feb01,0.56,2.612770021771547,2.052770021771547,2.052770021771547
feb01,0.56,1.843558689318506,1.283558689318506,1.283558689318506
feb01,0.56,3.3870294558052167,2.8270294558052167,2.8270294558052167
feb01,0.28,2.801416789975578,2.5214167899755777,2.5214167899755777
feb01,0.28,3.153916108523098,2.8739161085230975,2.8739161085230975
feb01,0.28,1.4439103914971843,1.1639103914971842,1.1639103914971842
feb01,0.28,3.1365349826038047,2.8565349826038045,2.8565349826038045
feb01,0.28,1.1424222455585236,0.8624222455585235,0.8624222455585235
feb01,0.28,2.1242234628745758,1.8442234628745757,1.8442234628745757
feb01,0.28,2.7463852117289136,2.4663852117289133,2.4663852117289133
feb01,0.28,0.36184449006428787,0.08184449006428784,0.08184449006428784
feb01,0.28,1.0031194084060693,0.7231194084060693,0.7231194084060693
jan23,28.46,22.841764525519615,-5.618235474480386,5.618235474480386
jan23,24.87,5.5770462923441135,-19.292953707655887,19.292953707655887
jan23,24.14,8.90105467968014,-15.23894532031986,15.23894532031986
jan23,23.61,17.718324693372377,-5.891675306627622,5.891675306627622
jan23,17.72,7.376239757926742,-10.343760242073257,10.343760242073257
jan23,15.36,9.282732989845073,-6.077267010154927,6.077267010154927
jan23,15.14,7.703115501547613,-7.436884498452388,7.436884498452388
jan23,15.08,11.381765833042115,-3.698234166957885,3.698234166957885
jan23,14.33,12.688084050118546,-1.6419159498814544,1.6419159498814544
jan23,14.27,14.837163954518886,0.567163954518886,0.567163954518886
jan23,12.48,10.857035668531175,-1.6229643314688253,1.6229643314688253
jan23,12.22,12.133749736073682,-0.08625026392631874,0.08625026392631874
jan23,11.69,6.6698156597717455,-5.020184340228254,5.020184340228254
jan23,11.41,7.798807330713366,-3.611192669286634,3.611192669286634
jan23,11.19,13.29722930635054,2.10722930635054,2.10722930635054
jan23,10.68,7.615787617316416,-3.064212382683584,3.064212382683584
jan23,9.92,14.00880222015141,4.088802220151409,4.088802220151409
jan23,9.87,7.918545503352009,-1.9514544966479903,1.9514544966479903
jan23,9.67,7.604803411363429,-2.065196588636571,2.065196588636571
jan23,9.22,5.372368916668176,-3.847631083331825,3.847631083331825
jan23,9.17,5.5429001973394545,-3.6270998026605454,3.6270998026605454
jan23,8.94,9.870529078129273,0.9305290781292737,0.9305290781292737
jan23,8.77,12.959463767170476,4.189463767170476,4.189463767170476
jan23,8.63,9.318445375612871,0.6884453756128703,0.6884453756128703
jan23,8.58,11.626780124391743,3.046780124391743,3.046780124391743
jan23,8.58,11.10713954264445,2.5271395426444503,2.5271395426444503
jan23,8.47,9.564739633934217,1.094739633934216,1.094739633934216
jan23,8.35,7.6540352987860505,-0.6959647012139492,0.6959647012139492
jan23,8.1,11.402546384728598,3.3025463847285987,3.3025463847285987
jan23,8.05,12.479010327917191,4.42901032791719,4.42901032791719
jan23,7.88,9.356127869618467,1.476127869618467,1.476127869618467
jan23,7.82,5.3270612343347805,-2.4929387656652198,2.4929387656652198
jan23,7.71,11.070238322102334,3.360238322102334,3.360238322102334
jan23,7.6,14.163579458384168,6.563579458384169,6.563579458384169
jan23,7.43,6.971460159247555,-0.4585398407524446,0.4585398407524446
jan23,7.18,8.254134598822063,1.074134598822063,1.074134598822063
jan23,6.87,11.5707944108658,4.700794410865799,4.700794410865799
jan23,6.64,13.397531762397168,6.757531762397169,6.757531762397169
jan23,6.31,11.117966989435569,4.807966989435569,4.807966989435569
jan23,6.28,5.936184516862438,-0.34381548313756216,0.34381548313756216
jan23,6.25,10.882903356581881,4.632903356581881,4.632903356581881
jan23,6.25,6.228736222555505,-0.021263777444494814,0.021263777444494814
jan23,6.22,10.831452371963726,4.611452371963726,4.611452371963726
jan23,6.11,10.663993039244158,4.553993039244157,4.553993039244157
jan23,5.89,7.884946714187814,1.9949467141878143,1.9949467141878143
jan23,5.89,7.701084369819645,1.8110843698196453,1.8110843698196453
jan23,5.69,6.822048463642611,1.1320484636426107,1.1320484636426107
jan23,5.66,9.232761652556935,3.5727616525569346,3.5727616525569346
jan23,5.55,9.071504932319627,3.521504932319627,3.521504932319627
jan23,5.41,16.60462236612749,11.19462236612749,11.19462236612749
jan23,5.41,17.55163482931101,12.141634829311009,12.141634829311009
jan23,5.35,2.158865503136275,-3.1911344968637247,3.1911344968637247
jan23,5.27,9.566953488221312,4.2969534882213125,4.2969534882213125
jan23,5.1,4.194618894148857,-0.9053811058511423,0.9053811058511423
jan23,5.1,10.54745364686025,5.44745364686025,5.44745364686025
jan23,5.05,7.352231955995329,2.302231955995329,2.302231955995329
jan23,5.02,9.351812046365328,4.331812046365329,4.331812046365329
jan23,4.96,7.04541403872855,2.0854140387285502,2.0854140387285502
jan23,4.91,12.098227246727149,7.188227246727148,7.188227246727148
jan23,4.88,5.386232640177839,0.5062326401778394,0.5062326401778394
jan23,4.88,7.937872663013211,3.057872663013211,3.057872663013211
jan23,4.85,10.454936179424227,5.604936179424227,5.604936179424227
jan23,4.82,8.804476949451551,3.984476949451551,3.984476949451551
jan23,4.77,7.973841834477216,3.203841834477217,3.203841834477217
jan23,4.74,7.5719247767000155,2.8319247767000153,2.8319247767000153
jan23,4.74,7.834487463446193,3.0944874634461925,3.0944874634461925
jan23,4.63,3.5129574979361413,-1.1170425020638586,1.1170425020638586
jan23,4.54,7.197716073025971,2.657716073025971,2.657716073025971
jan23,4.49,5.160385299120368,0.670385299120368,0.670385299120368
jan23,4.43,2.1336359697340557,-2.296364030265944,2.296364030265944
jan23,4.4,6.763721335409118,2.3637213354091173,2.3637213354091173
jan23,4.21,12.172746766083847,7.962746766083847,7.962746766083847
jan23,4.12,10.208037120668852,6.088037120668852,6.088037120668852
jan23,4.12,8.672205589336052,4.552205589336052,4.552205589336052
jan23,4.07,13.578086633041115,9.508086633041115,9.508086633041115
jan23,3.95,6.585711675118191,2.6357116751181913,2.6357116751181913
jan23,3.92,7.928656768644365,4.008656768644365,4.008656768644365
jan23,3.9,6.241284407965457,2.3412844079654573,2.3412844079654573
jan23,3.87,3.485805185682821,-0.38419481431717895,0.38419481431717895
jan23,3.78,3.683581271452341,-0.09641872854765898,0.09641872854765898
jan23,3.76,8.487920277777608,4.727920277777608,4.727920277777608
jan23,3.73,3.1795973757038833,-0.5504026242961166,0.5504026242961166
jan23,3.5,6.074277767395573,2.5742777673955732,2.5742777673955732
jan23,3.5,9.124736219610991,5.624736219610991,5.624736219610991
jan23,3.45,9.408024740075632,5.958024740075632,5.958024740075632
jan23,3.34,4.770951346322407,1.4309513463224075,1.4309513463224075
jan23,3.34,5.06810505220616,1.7281050522061605,1.7281050522061605
jan23,3.31,2.5478750954372757,-0.7621249045627243,0.7621249045627243
jan23,3.28,8.421400574342108,5.141400574342109,5.141400574342109
jan23,3.22,5.539927648184061,2.3199276481840605,2.3199276481840605
jan23,3.22,7.076636702319453,3.8566367023194528,3.8566367023194528
jan23,3.2,4.1216620668914175,0.9216620668914173,0.9216620668914173
jan23,3.2,3.0729699189237634,-0.1270300810762368,0.1270300810762368
jan23,3.17,7.590575196455022,4.420575196455022,4.420575196455022
jan23,3.14,4.0239436674352635,0.8839436674352634,0.8839436674352634
jan23,3.11,4.296025365313521,1.186025365313521,1.186025365313521
jan23,3.08,9.440215595035692,6.360215595035692,6.360215595035692
jan23,3.08,6.910566666411551,3.830566666411551,3.830566666411551
jan23,2.94,7.831237808841344,4.891237808841344,4.891237808841344
jan23,2.92,4.764529937540323,1.8445299375403232,1.8445299375403232
jan23,2.92,4.861412957524905,1.9414129575249053,1.9414129575249053
jan23,2.8,5.658060030269003,2.8580600302690033,2.8580600302690033
jan23,2.78,7.92901639917984,5.149016399179841,5.149016399179841
jan23,2.78,5.650296856763108,2.8702968567631086,2.8702968567631086
jan23,2.75,5.729385116488724,2.979385116488724,2.979385116488724
jan23,2.75,9.460327341298436,6.710327341298436,6.710327341298436
jan23,2.72,8.67339626468668,5.953396264686679,5.953396264686679
jan23,2.69,6.105430268792351,3.4154302687923512,3.4154302687923512
jan23,2.69,3.78181836117881,1.09181836117881,1.09181836117881
jan23,2.61,4.404495060224488,1.7944950602244885,1.7944950602244885
jan23,2.44,3.8691501347690256,1.4291501347690256,1.4291501347690256
jan23,2.38,16.058218563623548,13.678218563623549,13.678218563623549
jan23,2.35,4.792610029495901,2.4426100294959006,2.4426100294959006
jan23,2.33,3.806646415205547,1.476646415205547,1.476646415205547
jan23,2.27,5.987392891711404,3.717392891711404,3.717392891711404
jan23,2.27,4.56699128893498,2.2969912889349797,2.2969912889349797
jan23,2.27,6.144815252407593,3.874815252407593,3.874815252407593
jan23,2.27,2.3501964381442835,0.08019643814428346,0.08019643814428346
jan23,2.27,8.597844078412663,6.327844078412664,6.327844078412664
jan23,2.24,6.49309734058774,4.25309734058774,4.25309734058774
jan23,2.1,3.0797514900928618,0.9797514900928617,0.9797514900928617
jan23,2.07,5.9745488315835775,3.9045488315835777,3.9045488315835777
jan23,2.05,5.084049375403993,3.0340493754039928,3.0340493754039928
jan23,2.05,8.707564078924657,6.657564078924657,6.657564078924657
jan23,2.05,6.8330228534601165,4.783022853460117,4.783022853460117
jan23,1.99,5.604899984417681,3.614899984417681,3.614899984417681
jan23,1.91,3.8439248234318475,1.9339248234318476,1.9339248234318476
jan23,1.91,4.220208211012384,2.310208211012384,2.310208211012384
jan23,1.91,0.10035371666001236,-1.8096462833399876,1.8096462833399876
jan23,1.91,7.67868980412991,5.7686898041299095,5.7686898041299095
jan23,1.88,5.042221448340802,3.1622214483408024,3.1622214483408024
jan23,1.85,4.262041394202617,2.412041394202617,2.412041394202617
jan23,1.85,3.2587852719363433,1.4087852719363432,1.4087852719363432
jan23,1.79,5.444621400018975,3.654621400018975,3.654621400018975
jan23,1.79,8.911102052929547,7.121102052929547,7.121102052929547
jan23,1.79,1.500156980440949,-0.2898430195590511,0.2898430195590511
jan23,1.77,3.043925785049531,1.273925785049531,1.273925785049531
jan23,1.71,5.971293029780585,4.261293029780585,4.261293029780585
jan23,1.68,2.9893348063376055,1.3093348063376056,1.3093348063376056
jan23,1.68,4.555812995671134,2.8758129956711347,2.8758129956711347
jan23,1.68,7.120607212178558,5.440607212178558,5.440607212178558
jan23,1.63,4.720133474857761,3.090133474857761,3.090133474857761
jan23,1.63,2.5532017985412487,0.9232017985412488,0.9232017985412488
jan23,1.54,5.006092977461606,3.4660929774616056,3.4660929774616056
jan23,1.51,8.128626274276238,6.618626274276238,6.618626274276238
jan23,1.51,8.83359597769064,7.3235959776906405,7.3235959776906405
jan23,1.49,5.019527485615766,3.529527485615766,3.529527485615766
jan23,1.46,6.274141320360726,4.814141320360726,4.814141320360726
jan23,1.46,5.751471810886577,4.291471810886577,4.291471810886577
jan23,1.37,6.3703174222204595,5.000317422220459,5.000317422220459
jan23,1.37,4.507309775147842,3.137309775147842,3.137309775147842
jan23,1.35,4.486789269142232,3.136789269142232,3.136789269142232
jan23,1.35,4.181759607465269,2.8317596074652687,2.8317596074652687
jan23,1.35,2.430200729179924,1.080200729179924,1.080200729179924
jan23,1.32,3.0376370852829444,1.7176370852829443,1.7176370852829443
jan23,1.29,7.884320405472849,6.594320405472849,6.594320405472849
jan23,1.29,6.104724912516639,4.814724912516639,4.814724912516639
jan23,1.23,4.6786517226380955,3.4486517226380955,3.4486517226380955
jan23,1.23,1.8517534040914656,0.6217534040914656,0.6217534040914656
jan23,1.21,4.825895631916794,3.6158956319167936,3.6158956319167936
jan23,1.21,5.167092810147005,3.957092810147005,3.957092810147005
jan23,1.15,3.5455161002502207,2.3955161002502208,2.3955161002502208
jan23,1.15,2.110567424400596,0.9605674244005962,0.9605674244005962
jan23,1.15,5.260649319203508,4.1106493192035085,4.1106493192035085
jan23,1.09,3.6157551055495105,2.5257551055495107,2.5257551055495107
jan23,1.09,4.601844404060957,3.511844404060957,3.511844404060957
jan23,1.01,4.752338274688514,3.742338274688514,3.742338274688514
jan23,1.01,2.229724132487416,1.2197241324874162,1.2197241324874162
jan23,1.01,7.314034028666814,6.304034028666814,6.304034028666814
jan23,0.98,4.091726419156399,3.111726419156399,3.111726419156399
jan23,0.95,3.977444521445747,3.027444521445747,3.027444521445747
jan23,0.93,9.925822549356145,8.995822549356145,8.995822549356145
jan23,0.93,4.172904954033516,3.242904954033516,3.242904954033516
jan23,0.93,7.25570894148497,6.3257089414849705,6.3257089414849705
jan23,0.9,5.445542046105356,4.545542046105355,4.545542046105355
jan23,0.84,3.597331905847903,2.757331905847903,2.757331905847903
jan23,0.78,1.8111481335486852,1.0311481335486852,1.0311481335486852
jan23,0.78,3.342524403731922,2.5625244037319224,2.5625244037319224
jan23,0.76,6.475906474628934,5.715906474628934,5.715906474628934
jan23,0.73,2.1251613610908473,1.3951613610908473,1.3951613610908473
jan23,0.73,5.367874810855689,4.637874810855688,4.637874810855688
jan23,0.67,6.092194997072392,5.422194997072392,5.422194997072392
jan23,0.67,4.035123666158668,3.3651236661586683,3.3651236661586683
jan23,0.64,4.658698622497033,4.018698622497033,4.018698622497033
jan23,0.64,4.877768761566915,4.237768761566915,4.237768761566915
jan23,0.64,2.344778711820678,1.704778711820678,1.704778711820678
jan23,0.64,2.763664710708647,2.123664710708647,2.123664710708647
jan23,0.64,4.130780609077975,3.490780609077975,3.490780609077975
jan23,0.64,2.717178515316701,2.077178515316701,2.077178515316701
jan23,0.64,3.3088255175260337,2.6688255175260336,2.6688255175260336
jan23,0.62,5.514050014152022,4.894050014152022,4.894050014152022
jan23,0.59,6.867495884039727,6.277495884039727,6.277495884039727
jan23,0.59,2.74720591213124,2.15720591213124,2.15720591213124
jan23,0.56,2.318441397586935,1.7584413975869349,1.7584413975869349
jan23,0.56,4.671536855750019,4.111536855750019,4.111536855750019
jan23,0.56,4.836966764615651,4.276966764615651,4.276966764615651
jan23,0.56,2.8695593821930334,2.3095593821930334,2.3095593821930334
jan23,0.53,1.5567217773096784,1.0267217773096784,1.0267217773096784
jan23,0.53,4.40066343337033,3.8706634333703294,3.8706634333703294
jan23,0.53,3.0905566857506748,2.560556685750675,2.560556685750675
jan23,0.5,2.226003801834498,1.7260038018344979,1.7260038018344979
jan23,0.48,4.540203159190201,4.0602031591902,4.0602031591902
jan23,0.48,2.5046575901384993,2.0246575901384993,2.0246575901384993
jan23,0.45,4.366680210362172,3.9166802103621716,3.9166802103621716
jan23,0.45,5.768321528863911,5.318321528863911,5.318321528863911
jan23,0.42,5.02709719009735,4.60709719009735,4.60709719009735
jan23,0.42,3.3977790303998936,2.9777790303998937,2.9777790303998937
jan23,0.42,5.614264668005582,5.194264668005582,5.194264668005582
jan23,0.39,5.485339312990916,5.095339312990916,5.095339312990916
jan23,0.36,2.426387939588507,2.066387939588507,2.066387939588507
jan23,0.36,3.1748893571550587,2.814889357155059,2.814889357155059
jan23,0.36,2.9476241627559503,2.5876241627559504,2.5876241627559504
jan23,0.34,3.42004921691417,3.08004921691417,3.08004921691417
jan23,0.31,0.8633003523016103,0.5533003523016102,0.5533003523016102
jan23,0.31,2.8387584358642255,2.5287584358642254,2.5287584358642254
jan23,0.31,3.3099427775705257,2.9999427775705256,2.9999427775705256
jan23,0.31,4.002989289547738,3.692989289547738,3.692989289547738
jan23,0.28,4.400336583364744,4.120336583364744,4.120336583364744
jan23,0.28,3.915053196340452,3.6350531963404515,3.6350531963404515
jan23,0.28,1.7897634963363709,1.5097634963363709,1.5097634963363709
jan23,0.28,2.063092396693024,1.7830923966930239,1.7830923966930239
jan23,0.28,2.8209687864205915,2.540968786420591,2.540968786420591
jan23,0.25,2.0674176400204556,1.8174176400204556,1.8174176400204556
jan23,0.22,9.638608094195614,9.418608094195614,9.418608094195614
jan23,0.22,3.040890753470941,2.8208907534709406,2.8208907534709406
jan23,0.22,2.4767399744817724,2.256739974481772,2.256739974481772
jan23,0.22,1.2688384073258225,1.0488384073258226,1.0488384073258226
jan23,0.22,7.707318084205509,7.487318084205509,7.487318084205509
jan23,0.2,8.194101043216424,7.994101043216424,7.994101043216424
jan23,0.2,4.924904227354574,4.724904227354574,4.724904227354574
jan23,0.2,2.5481715115456045,2.3481715115456043,2.3481715115456043
jan23,0.2,1.6666347439175513,1.4666347439175513,1.4666347439175513
jan23,0.2,1.5091174162534489,1.309117416253449,1.309117416253449
jan23,0.2,2.767664467736095,2.567664467736095,2.567664467736095
jan23,0.17,1.6092412242848284,1.4392412242848285,1.4392412242848285
jan23,0.17,11.587741508649776,11.417741508649776,11.417741508649776
jan23,0.17,0.9766624130415313,0.8066624130415313,0.8066624130415313
jan23,0.17,4.387527719494401,4.217527719494401,4.217527719494401
jan23,0.14,3.58463649790185,3.44463649790185,3.44463649790185
jan23,0.11,2.138993129409275,2.028993129409275,2.028993129409275
jan23,0.11,8.559474867325207,8.449474867325208,8.449474867325208
jan23,0.11,1.3906069916970045,1.2806069916970044,1.2806069916970044
jan23,0.11,4.403798490039775,4.293798490039775,4.293798490039775
jan23,0.08,2.3735251550908845,2.2935251550908844,2.2935251550908844
jan23,0.08,2.5053620979654205,2.4253620979654205,2.4253620979654205
jan23,0.08,2.0967068207383934,2.0167068207383934,2.0167068207383934
jan23,0.08,4.375412388004715,4.295412388004715,4.295412388004715
jan23,0.06,2.346180295440311,2.2861802954403108,2.2861802954403108
jan23,0.06,3.1700432719221956,3.1100432719221955,3.1100432719221955
jan23,0.06,-0.33077476901582425,-0.39077476901582425,0.39077476901582425
jan23,0.06,0.9763672784214412,0.9163672784214412,0.9163672784214412
jan23,0.06,7.94352062453844,7.88352062453844,7.88352062453844
jan23,0.06,1.0695068475280993,1.0095068475280993,1.0095068475280993
jan23,0.06,4.764153758030157,4.704153758030158,4.704153758030158
jan23,0.06,1.9199922255724,1.8599922255724,1.8599922255724
jan23,0.06,2.6555668221280273,2.5955668221280273,2.5955668221280273
jan23,0.06,-0.5442219412840457,-0.6042219412840457,0.6042219412840457
jan23,0.06,0.5409755112311445,0.4809755112311445,0.4809755112311445
jan23,0.03,-0.025722516800415818,-0.05572251680041582,0.05572251680041582
jan23,0.03,0.30720157616441846,0.27720157616441843,0.27720157616441843
jan23,0.03,0.4780931654801859,0.44809316548018585,0.44809316548018585
jan23,0.03,1.6612722595828533,1.6312722595828533,1.6312722595828533
jan23,0.03,2.384454124049828,2.3544541240498282,2.3544541240498282
jan23,0.03,0.10584901077442321,0.07584901077442321,0.07584901077442321
jan23,0.03,0.2103800941149787,0.1803800941149787,0.1803800941149787
jan23,0.03,12.514316431540394,12.484316431540394,12.484316431540394
jan23,0.03,-0.6180870654139348,-0.6480870654139348,0.6480870654139348
jan23,0.03,2.7145996641484134,2.6845996641484136,2.6845996641484136
jan23,0.03,6.801325019377074,6.771325019377073,6.771325019377073
jan23,0.03,0.42047545867135794,0.3904754586713579,0.3904754586713579
jan23,0.03,11.097203183734102,11.067203183734103,11.067203183734103
jan23,0.03,0.89843432614067,0.86843432614067,0.86843432614067
jan23,0.03,10.073457822284624,10.043457822284624,10.043457822284624
jan23,0.03,0.6363506516372195,0.6063506516372195,0.6063506516372195
jan23,0.03,2.0600173544656255,2.0300173544656257,2.0300173544656257
jan23,0.03,13.50539179876669,13.47539179876669,13.47539179876669
jan23,0.03,4.194034049802134,4.164034049802134,4.164034049802134
jan23,0.03,2.81775700094701,2.78775700094701,2.78775700094701
jan23,0.03,-0.1998444001203188,-0.2298444001203188,0.2298444001203188
jan23,0.03,9.870529078129273,9.840529078129274,9.840529078129274
jan23,0.03,0.6218109121862225,0.5918109121862225,0.5918109121862225
jan23,0.03,1.0035162040463002,0.9735162040463001,0.9735162040463001
jan23,0.03,4.176059669778651,4.1460596697786505,4.1460596697786505
jan26,45.86,17.45709959211273,-28.40290040788727,28.40290040788727
jan26,37.59,10.63413255024628,-26.955867449753725,26.955867449753725
jan26,31.14,8.626965233607578,-22.513034766392423,22.513034766392423
jan26,27.63,14.444349597734718,-13.185650402265281,13.185650402265281
jan26,26.93,12.956994755877195,-13.973005244122804,13.973005244122804
jan26,26.37,7.019340162278532,-19.35065983772147,19.35065983772147
jan26,25.53,12.62598321152594,-12.904016788474062,12.904016788474062
jan26,23.28,10.254733414028298,-13.025266585971703,13.025266585971703
jan26,20.2,9.559790385175605,-10.640209614824395,10.640209614824395
jan26,19.64,8.119490517946646,-11.520509482053354,11.520509482053354
jan26,18.09,7.202097748158345,-10.887902251841655,10.887902251841655
jan26,17.95,14.994288969387451,-2.955711030612548,2.955711030612548
jan26,16.69,9.32776330434621,-7.362236695653792,7.362236695653792
jan26,16.27,13.0410872078088,-3.228912792191199,3.228912792191199
jan26,15.57,4.323087838583248,-11.246912161416752,11.246912161416752
jan26,15.57,9.367788013416966,-6.202211986583034,6.202211986583034
jan26,15.29,8.8179059889271,-6.472094011072899,6.472094011072899
jan26,15.01,5.707177165668345,-9.302822834331653,9.302822834331653
jan26,14.31,8.459439468407213,-5.850560531592787,5.850560531592787
jan26,13.32,16.011814731103456,2.691814731103456,2.691814731103456
jan26,13.18,5.167887219283774,-8.012112780716226,8.012112780716226
jan26,13.04,9.318365650418082,-3.721634349581917,3.721634349581917
jan26,12.34,3.51451061062559,-8.82548938937441,8.82548938937441
jan26,12.06,12.106701935944226,0.04670193594422578,0.04670193594422578
jan26,11.36,12.334063410621328,0.9740634106213282,0.9740634106213282
jan26,11.22,9.689500179634011,-1.5304998203659892,1.5304998203659892
jan26,10.94,13.135486859937894,2.195486859937894,2.195486859937894
jan26,9.96,9.143865319456623,-0.816134680543378,0.816134680543378
jan26,9.4,6.910216881612994,-2.489783118387006,2.489783118387006
jan26,9.4,12.791351236772403,3.391351236772403,3.391351236772403
jan26,9.26,5.257172141340852,-4.002827858659148,4.002827858659148
jan26,9.26,9.672760998920888,0.4127609989208878,0.4127609989208878
jan26,8.27,12.971519581594832,4.701519581594832,4.701519581594832
jan26,7.85,6.667955925049432,-1.1820440749505678,1.1820440749505678
jan26,7.57,3.7898127695147443,-3.780187230485256,3.780187230485256
jan26,7.01,7.3615515193105665,0.3515515193105667,0.3515515193105667
jan26,7.01,7.090387045399993,0.08038704539999308,0.08038704539999308
jan26,6.87,4.616613714049089,-2.253386285950911,2.253386285950911
jan26,6.59,5.893177952159651,-0.6968220478403486,0.6968220478403486
jan26,6.45,10.1259751328442,3.6759751328442,3.6759751328442
jan26,6.45,3.0165172897434367,-3.4334827102565635,3.4334827102565635
jan26,6.45,12.66523152255697,6.21523152255697,6.21523152255697
jan26,6.31,5.410968097404826,-0.8990319025951736,0.8990319025951736
jan26,5.89,3.136875938034863,-2.7531240619651367,2.7531240619651367
jan26,5.75,4.981936781685952,-0.7680632183140483,0.7680632183140483
jan26,5.75,8.121190208137447,2.371190208137447,2.371190208137447
jan26,5.75,6.030720551755537,0.2807205517555369,0.2807205517555369
jan26,5.61,4.58174728876162,-1.0282527112383804,1.0282527112383804
jan26,5.61,3.0457903236930024,-2.564209676306998,2.564209676306998
jan26,5.33,5.6289881837130995,0.29898818371309943,0.29898818371309943
jan26,5.19,4.272195609439645,-0.917804390560355,0.917804390560355
jan26,5.05,10.221884664022236,5.171884664022236,5.171884664022236
jan26,5.05,7.130571451912126,2.0805714519121263,2.0805714519121263
jan26,5.05,5.07477165998422,0.024771659984220484,0.024771659984220484
jan26,5.05,8.430630764035868,3.3806307640358684,3.3806307640358684
jan26,4.63,4.617430524563002,-0.012569475436998268,0.012569475436998268
jan26,4.63,6.5946188995339945,1.9646188995339946,1.9646188995339946
jan26,4.63,10.173300127318052,5.543300127318052,5.543300127318052
jan26,4.63,4.058915875844763,-0.5710841241552371,0.5710841241552371
jan26,4.35,4.46767515003069,0.11767515003069029,0.11767515003069029
jan26,4.21,3.9045938043992408,-0.3054061956007592,0.3054061956007592
jan26,4.21,9.357602388929156,5.147602388929156,5.147602388929156
jan26,4.07,9.790175111200272,5.7201751112002714,5.7201751112002714
jan26,4.07,13.529177080527523,9.459177080527523,9.459177080527523
jan26,3.79,4.71887814461846,0.9288781446184595,0.9288781446184595
jan26,3.65,7.2853627679113675,3.6353627679113676,3.6353627679113676
jan26,3.65,7.690451117107367,4.0404511171073665,4.0404511171073665
jan26,3.37,3.949774498994787,0.5797744989947868,0.5797744989947868
jan26,3.37,4.9465961260610225,1.5765961260610224,1.5765961260610224
jan26,3.37,4.762247399529812,1.3922473995298121,1.3922473995298121
jan26,3.23,7.857467955806408,4.627467955806408,4.627467955806408
jan26,3.23,6.993050411900593,3.763050411900593,3.763050411900593
jan26,3.09,3.1467188290069132,0.056718829006913385,0.056718829006913385
jan26,3.09,10.754180357560934,7.664180357560934,7.664180357560934
jan26,2.95,5.890303714258678,2.940303714258678,2.940303714258678
jan26,2.81,11.094068213934083,8.284068213934082,8.284068213934082
jan26,2.66,5.977330186037163,3.3173301860371627,3.3173301860371627
jan26,2.66,10.482866136971039,7.822866136971038,7.822866136971038
jan26,2.66,7.4503199469572525,4.790319946957252,4.790319946957252
jan26,2.52,10.239095609890244,7.719095609890244,7.719095609890244
jan26,2.38,2.6058512534328147,0.22585125343281476,0.22585125343281476
jan26,2.38,5.514860800820454,3.134860800820454,3.134860800820454
jan26,2.38,5.469561853744229,3.089561853744229,3.089561853744229
jan26,2.24,1.8990312788546684,-0.34096872114533183,0.34096872114533183
jan26,2.24,8.579660501920598,6.339660501920598,6.339660501920598
jan26,2.24,3.026938442057381,0.7869384420573806,0.7869384420573806
jan26,2.24,12.250483713692526,10.010483713692526,10.010483713692526
jan26,1.96,4.987632696499174,3.0276326964991744,3.0276326964991744
jan26,1.96,4.444221590051259,2.484221590051259,2.484221590051259
jan26,1.96,5.382838864380203,3.4228388643802035,3.4228388643802035
jan26,1.82,4.564041213631148,2.7440412136311476,2.7440412136311476
jan26,1.82,3.2213231614093427,1.4013231614093427,1.4013231614093427
jan26,1.82,2.4959272188258987,0.6759272188258987,0.6759272188258987
jan26,1.82,3.500016578307393,1.680016578307393,1.680016578307393
jan26,1.82,9.23857709449244,7.41857709449244,7.41857709449244
jan26,1.68,1.6209063292912287,-0.05909367070877125,0.05909367070877125
jan26,1.68,2.567075742186473,0.8870757421864732,0.8870757421864732
jan26,1.68,2.3779491013834964,0.6979491013834964,0.6979491013834964
jan26,1.54,3.1543284412626047,1.6143284412626047,1.6143284412626047
jan26,1.54,4.453642522235711,2.913642522235711,2.913642522235711
jan26,1.4,2.937782992357566,1.5377829923575659,1.5377829923575659
jan26,1.26,3.1105990995380073,1.8505990995380073,1.8505990995380073
jan26,1.26,6.165609701653745,4.905609701653745,4.905609701653745
jan26,1.26,5.4677777733929425,4.207777773392943,4.207777773392943
jan26,1.12,6.451250432177342,5.331250432177342,5.331250432177342
jan26,1.12,1.338696272583043,0.2186962725830428,0.2186962725830428
jan26,1.12,5.207491538717656,4.087491538717656,4.087491538717656
jan26,1.12,2.970103450615494,1.850103450615494,1.850103450615494
jan26,0.98,1.969928181534142,0.9899281815341421,0.9899281815341421
jan26,0.98,4.524937032040454,3.5449370320404543,3.5449370320404543
jan26,0.98,2.1925162025351703,1.2125162025351703,1.2125162025351703
jan26,0.84,2.7381538885988412,1.8981538885988414,1.8981538885988414
jan26,0.84,3.625695491256135,2.7856954912561354,2.7856954912561354
jan26,0.84,7.830505868686947,6.990505868686947,6.990505868686947
jan26,0.84,2.274530517246526,1.4345305172465261,1.4345305172465261
jan26,0.7,2.3556763714956572,1.6556763714956573,1.6556763714956573
jan26,0.7,3.612140773017774,2.912140773017774,2.912140773017774
jan26,0.7,2.12353025319804,1.42353025319804,1.42353025319804
jan26,0.7,2.8141118197832515,2.1141118197832514,2.1141118197832514
jan26,0.42,10.42396024077573,10.00396024077573,10.00396024077573
jan26,0.42,1.3386272330349183,0.9186272330349183,0.9186272330349183
jan26,0.28,1.5471411685492886,1.2671411685492886,1.2671411685492886
jan26,0.28,0.9468608640317222,0.6668608640317222,0.6668608640317222
jan26,0.28,3.749599119763359,3.469599119763359,3.469599119763359
jan26,0.28,1.9748350303598838,1.6948350303598838,1.6948350303598838
jan26,0.28,1.7906199112856576,1.5106199112856575,1.5106199112856575
jan26,0.14,1.0265418867709921,0.8865418867709921,0.8865418867709921
jan26,0.14,1.3142769613431469,1.1742769613431467,1.1742769613431467
jan26,0.14,1.3417783455832448,1.2017783455832447,1.2017783455832447
jan26,0.14,4.093484359376211,3.9534843593762106,3.9534843593762106
jan26,0.14,9.023462689436979,8.883462689436978,8.883462689436978
jan26,0.14,3.9491773278214626,3.8091773278214625,3.8091773278214625
jan26,0.14,1.9991727348900736,1.8591727348900737,1.8591727348900737
jan28,50.67,18.183104844546353,-32.48689515545365,32.48689515545365
jan28,31.99,6.206481764199184,-25.783518235800813,25.783518235800813
jan28,29.63,11.272787166563917,-18.35721283343608,18.35721283343608
jan28,28.11,12.143830380493164,-15.966169619506836,15.966169619506836
jan28,27.1,12.899090223729356,-14.200909776270645,14.200909776270645
jan28,26.94,5.474215860985847,-21.465784139014154,21.465784139014154
jan28,23.57,8.321101264264975,-15.248898735735025,15.248898735735025
jan28,22.56,12.379275249641323,-10.180724750358676,10.180724750358676
jan28,22.05,9.080485300667622,-12.969514699332379,12.969514699332379
jan28,21.89,10.220073706529355,-11.669926293470645,11.669926293470645
jan28,20.2,7.34638461594917,-12.85361538405083,12.85361538405083
jan28,18.52,11.734749074628581,-6.785250925371418,6.785250925371418
jan28,18.18,10.04135394141923,-8.13864605858077,8.13864605858077
jan28,17.34,7.022973263728733,-10.317026736271266,10.317026736271266
jan28,16.67,7.473572442116705,-9.196427557883297,9.196427557883297
jan28,16.16,14.323382258698587,-1.8366177413014135,1.8366177413014135
jan28,15.66,9.222311314558779,-6.437688685441222,6.437688685441222
jan28,14.98,8.860559976934754,-6.119440023065247,6.119440023065247
jan28,14.31,9.443324769907713,-4.866675230092287,4.866675230092287
jan28,13.97,9.464278104207057,-4.505721895792943,4.505721895792943
jan28,13.64,7.866501094886845,-5.773498905113156,5.773498905113156
jan28,13.64,8.626027177127268,-5.0139728228727325,5.0139728228727325
jan28,12.96,13.130808482135043,0.17080848213504218,0.17080848213504218
jan28,12.96,9.468316785117924,-3.4916832148820767,3.4916832148820767
jan28,12.63,6.740234532913828,-5.889765467086173,5.889765467086173
jan28,12.46,7.470965750115873,-4.989034249884128,4.989034249884128
jan28,12.29,7.03261705829523,-5.257382941704769,5.257382941704769
jan28,12.12,8.009297632989473,-4.110702367010527,4.110702367010527
jan28,12.12,5.696345353573282,-6.4236546464267175,6.4236546464267175
jan28,10.94,9.69727828964691,-1.2427217103530896,1.2427217103530896
jan28,10.27,6.4311633355496145,-3.838836664450385,3.838836664450385
jan28,9.93,4.72976693192266,-5.20023306807734,5.20023306807734
jan28,9.6,4.817222007536545,-4.782777992463455,4.782777992463455
jan28,9.6,8.810603311252454,-0.7893966887475461,0.7893966887475461
jan28,9.6,11.548710713316211,1.9487107133162116,1.9487107133162116
jan28,9.43,12.634269606582414,3.2042696065824146,3.2042696065824146
jan28,8.92,7.23813710386322,-1.6818628961367796,1.6818628961367796
jan28,8.59,6.743670237885021,-1.846329762114979,1.846329762114979
jan28,8.42,6.405167896001952,-2.0148321039980477,2.0148321039980477
jan28,8.42,10.850090814782721,2.430090814782721,2.430090814782721
jan28,8.08,8.08215116569578,0.0021511656957802217,0.0021511656957802217
jan28,7.74,5.469184691200763,-2.2708153087992375,2.2708153087992375
jan28,7.58,4.840095000651506,-2.739904999348494,2.739904999348494
jan28,7.58,9.322201329494836,1.7422013294948364,1.7422013294948364
jan28,7.58,8.745702273636567,1.1657022736365672,1.1657022736365672
jan28,7.58,4.070481158256492,-3.5095188417435077,3.5095188417435077
jan28,7.58,8.855831940230315,1.275831940230315,1.275831940230315
jan28,7.41,7.941581158988324,0.5315811589883239,0.5315811589883239
jan28,7.41,3.7436589561939457,-3.6663410438060544,3.6663410438060544
jan28,6.73,3.3098345097574264,-3.420165490242574,3.420165490242574
jan28,6.57,11.353705979637075,4.783705979637075,4.783705979637075
jan28,6.57,3.0393803197075386,-3.5306196802924616,3.5306196802924616
jan28,6.23,3.876085852391264,-2.3539141476087364,2.3539141476087364
jan28,6.23,5.701281171341851,-0.5287188286581497,0.5287188286581497
jan28,5.89,7.6073831245424515,1.7173831245424518,1.7173831245424518
jan28,5.56,6.831890110057598,1.2718901100575986,1.2718901100575986
jan28,5.39,5.007785997941327,-0.3822140020586726,0.3822140020586726
jan28,5.22,6.3592962347046615,1.1392962347046618,1.1392962347046618
jan28,5.05,5.001946419044437,-0.04805358095556311,0.04805358095556311
jan28,5.05,3.86813065837785,-1.18186934162215,1.18186934162215
jan28,4.88,3.9625587972822984,-0.9174412027177015,0.9174412027177015
jan28,4.55,5.445344303696679,0.8953443036966791,0.8953443036966791
jan28,4.55,6.502330470113752,1.9523304701137523,1.9523304701137523
jan28,4.38,5.206430883822505,0.8264308838225052,0.8264308838225052
jan28,4.04,2.890650981778506,-1.149349018221494,1.149349018221494
jan28,3.7,6.422656640403252,2.722656640403252,2.722656640403252
jan28,3.2,4.114033794752825,0.9140337947528252,0.9140337947528252
jan28,3.03,4.605736226306547,1.5757362263065473,1.5757362263065473
jan28,2.86,6.39302040458548,3.53302040458548,3.53302040458548
jan28,2.86,7.529292323390401,4.669292323390401,4.669292323390401
jan28,2.69,3.277979367722289,0.5879793677222889,0.5879793677222889
jan28,2.36,3.2600518722148233,0.9000518722148234,0.9000518722148234
jan28,2.36,5.0406216248441975,2.6806216248441976,2.6806216248441976
jan28,2.02,4.8848900768945995,2.8648900768945995,2.8648900768945995
jan28,2.02,2.922376213623584,0.902376213623584,0.902376213623584
jan28,1.68,3.5649459337242724,1.8849459337242724,1.8849459337242724
jan28,1.68,2.5116656124822976,0.8316656124822976,0.8316656124822976
jan28,1.68,2.9105016661760565,1.2305016661760566,1.2305016661760566
jan28,1.35,2.6582987535445812,1.3082987535445811,1.3082987535445811
jan28,1.18,2.0630247052082957,0.8830247052082958,0.8830247052082958
jan28,1.18,4.064961965888551,2.884961965888551,2.884961965888551
jan28,1.01,2.3671868954242123,1.3571868954242123,1.3571868954242123
jan28,1.01,4.719855045372936,3.7098550453729366,3.7098550453729366
jan28,1.01,1.9248835202479218,0.9148835202479217,0.9148835202479217
jan28,1.01,3.7949930520107675,2.7849930520107673,2.7849930520107673
jan28,0.84,1.4537333840659508,0.6137333840659508,0.6137333840659508
jan28,0.84,6.06540384205295,5.22540384205295,5.22540384205295
jan28,0.67,2.6145617554277742,1.9445617554277743,1.9445617554277743
jan28,0.67,2.9106462380271996,2.2406462380271996,2.2406462380271996
jan28,0.51,3.3488880635064775,2.8388880635064773,2.8388880635064773
jan28,0.51,0.3914253190309571,-0.11857468096904289,0.11857468096904289
jan28,0.51,2.0394759864281897,1.5294759864281897,1.5294759864281897
jan28,0.34,2.59235076376425,2.2523507637642504,2.2523507637642504
jan28,0.17,1.5516609389765779,1.381660938976578,1.381660938976578
jan28,0.17,0.975511714696232,0.805511714696232,0.805511714696232
jan28,0.17,0.7503356642293881,0.5803356642293881,0.5803356642293881
jan28,0.17,0.46008867301484413,0.2900886730148441,0.2900886730148441
jan28,0.17,2.42815970269321,2.25815970269321,2.25815970269321
jan28,0.17,2.7774244763118197,2.6074244763118197,2.6074244763118197
jan28,0.17,1.8407416467463062,1.6707416467463063,1.6707416467463063
jan28,0.17,1.1721927858688872,1.0021927858688873,1.0021927858688873
jan29,25.59,1.481466232287802,-24.1085337677122,24.1085337677122
jan29,20.71,2.8235433136749566,-17.886456686325044,17.886456686325044
jan29,20.03,8.889005153317322,-11.140994846682679,11.140994846682679
jan29,19.87,0.1649773279002762,-19.705022672099723,19.705022672099723
jan29,14.98,2.551617546566814,-12.428382453433187,12.428382453433187
jan29,12.79,0.19956531737114602,-12.590434682628853,12.590434682628853
jan29,11.95,2.7285295435406485,-9.22147045645935,9.22147045645935
jan29,11.78,7.2277100491327015,-4.552289950867298,4.552289950867298
jan29,11.62,-2.766471870072328,-14.386471870072327,14.386471870072327
jan29,11.28,4.537236898635284,-6.742763101364716,6.742763101364716
jan29,9.6,-0.7373413266889273,-10.337341326688927,10.337341326688927
jan29,9.26,2.033550099986122,-7.226449900013877,7.226449900013877
jan29,8.59,2.784708835511442,-5.805291164488558,5.805291164488558
jan29,8.59,0.7859163112174405,-7.804083688782559,7.804083688782559
jan29,8.42,11.806280319332949,3.3862803193329487,3.3862803193329487
jan29,8.25,0.1227211952663323,-8.127278804733667,8.127278804733667
jan29,8.25,2.3717967556016624,-5.878203244398337,5.878203244398337
jan29,7.91,-0.424293047059086,-8.334293047059086,8.334293047059086
jan29,7.07,2.551057515957467,-4.518942484042533,4.518942484042533
jan29,7.07,-0.03389799234475532,-7.103897992344756,7.103897992344756
jan29,6.9,1.0582002056250763,-5.841799794374924,5.841799794374924
jan29,6.9,-3.07409455303158,-9.97409455303158,9.97409455303158
jan29,6.73,-0.8733262392180805,-7.603326239218081,7.603326239218081
jan29,6.57,2.0165761223950267,-4.553423877604974,4.553423877604974
jan29,6.57,-0.24675715031726053,-6.816757150317261,6.816757150317261
jan29,6.4,1.2320229101487064,-5.167977089851294,5.167977089851294
jan29,6.23,1.817924727575543,-4.412075272424458,4.412075272424458
jan29,6.23,-4.145361699978144,-10.375361699978145,10.375361699978145
jan29,6.06,-0.18478693552886138,-6.244786935528861,6.244786935528861
jan29,6.06,2.973189254507958,-3.0868107454920417,3.0868107454920417
jan29,6.06,-3.1801382832001472,-9.240138283200146,9.240138283200146
jan29,6.06,-2.7643258597408087,-8.824325859740808,8.824325859740808
jan29,5.72,3.4480168561287114,-2.2719831438712883,2.2719831438712883
jan29,5.56,-2.378770526889471,-7.938770526889471,7.938770526889471
jan29,5.39,-2.0472247618925463,-7.437224761892546,7.437224761892546
jan29,5.39,0.34310229125572533,-5.046897708744274,5.046897708744274
jan29,5.39,0.5803954328534182,-4.8096045671465815,4.8096045671465815
jan29,5.22,-3.7510261305929546,-8.971026130592954,8.971026130592954
jan29,5.22,-1.4412442373635148,-6.661244237363515,6.661244237363515
jan29,5.05,0.5895136955973257,-4.460486304402674,4.460486304402674
jan29,4.88,-3.1940540131449193,-8.07405401314492,8.07405401314492
jan29,4.88,0.23393759864138097,-4.646062401358619,4.646062401358619
jan29,4.88,-1.5432784037081717,-6.423278403708172,6.423278403708172
jan29,4.88,-1.6191196702782005,-6.4991196702782,6.4991196702782
jan29,4.88,6.803569192321806,1.9235691923218061,1.9235691923218061
jan29,4.88,2.0658613614371286,-2.8141386385628713,2.8141386385628713
jan29,4.71,-2.197820494768223,-6.907820494768223,6.907820494768223
jan29,4.71,0.8992847674332065,-3.8107152325667935,3.8107152325667935
jan29,4.55,3.199004444923612,-1.3509955550763877,1.3509955550763877
jan29,4.55,-3.7078133524676815,-8.257813352467682,8.257813352467682
jan29,4.55,-0.864541971342426,-5.414541971342426,5.414541971342426
jan29,4.38,1.8771003611273658,-2.502899638872634,2.502899638872634
jan29,4.38,3.9003561020877715,-0.4796438979122284,0.4796438979122284
jan29,4.38,-2.352898415516174,-6.732898415516174,6.732898415516174
jan29,4.21,-2.467165833163702,-6.677165833163702,6.677165833163702
jan29,4.04,1.476340099977501,-2.563659900022499,2.563659900022499
jan29,4.04,-0.7924501143038851,-4.832450114303885,4.832450114303885
jan29,4.04,0.6004452146840595,-3.4395547853159405,3.4395547853159405
jan29,4.04,-0.5699814233875857,-4.609981423387586,4.609981423387586
jan29,3.87,-1.7172153832944401,-5.58721538329444,5.58721538329444
jan29,3.87,4.083727777750555,0.21372777775055507,0.21372777775055507
jan29,3.87,0.9528134013537279,-2.917186598646272,2.917186598646272
jan29,3.87,-4.716970051181811,-8.586970051181812,8.586970051181812
jan29,3.87,0.5778982600870552,-3.292101739912945,3.292101739912945
jan29,3.7,-3.8418363451928723,-7.5418363451928725,7.5418363451928725
jan29,3.7,-2.6146151078659896,-6.31461510786599,6.31461510786599
jan29,3.7,2.3044026831190876,-1.3955973168809126,1.3955973168809126
jan29,3.7,0.524802301089502,-3.175197698910498,3.175197698910498
jan29,3.7,-2.7944861088305295,-6.49448610883053,6.49448610883053
jan29,3.54,-3.8267156905139963,-7.366715690513996,7.366715690513996
jan29,3.54,1.512000857148612,-2.027999142851388,2.027999142851388
jan29,3.54,4.916803883263271,1.3768038832632712,1.3768038832632712
jan29,3.37,-3.0342792685568067,-6.404279268556807,6.404279268556807
jan29,3.37,-2.735674243758588,-6.105674243758588,6.105674243758588
jan29,3.37,4.017449281399648,0.6474492813996475,0.6474492813996475
jan29,3.37,-4.58544410087422,-7.95544410087422,7.95544410087422
jan29,3.2,-1.237368058683086,-4.437368058683086,4.437368058683086
jan29,3.2,-1.0067487350064308,-4.206748735006431,4.206748735006431
jan29,3.2,2.980946613322323,-0.21905338667767715,0.21905338667767715
jan29,3.2,-0.27973593328201396,-3.479735933282014,3.479735933282014
jan29,3.2,3.9003561020877715,0.7003561020877713,0.7003561020877713
jan29,3.03,3.4948405626974424,0.46484056269744256,0.46484056269744256
jan29,3.03,-3.8960263125314363,-6.926026312531436,6.926026312531436
jan29,3.03,-3.5613217989239256,-6.591321798923925,6.591321798923925
jan29,2.86,-3.919094708363497,-6.7790947083634965,6.7790947083634965
jan29,2.86,0.32652845946392883,-2.533471540536071,2.533471540536071
jan29,2.86,2.7554084706988706,-0.10459152930112925,0.10459152930112925
jan29,2.86,-0.5068689601779521,-3.366868960177952,3.366868960177952
jan29,2.86,-3.162806012217157,-6.022806012217156,6.022806012217156
jan29,2.86,-0.38428082919395656,-3.2442808291939564,3.2442808291939564
jan29,2.86,-4.751760282627064,-7.611760282627063,7.611760282627063
jan29,2.86,-5.091739058138044,-7.951739058138044,7.951739058138044
jan29,2.86,-0.0006407856678727342,-2.8606407856678726,2.8606407856678726
jan29,2.69,1.2533914546814184,-1.4366085453185815,1.4366085453185815
jan29,2.69,-0.8505745504229392,-3.540574550422939,3.540574550422939
jan29,2.69,-2.1329670344002354,-4.822967034400236,4.822967034400236
jan29,2.69,-1.8940086784111907,-4.584008678411191,4.584008678411191
jan29,2.69,-2.517462823405986,-5.2074628234059865,5.2074628234059865
jan29,2.69,-0.9199949633530551,-3.609994963353055,3.609994963353055
jan29,2.69,4.893842688245955,2.2038426882459548,2.2038426882459548
jan29,2.69,-3.1927398612511837,-5.882739861251183,5.882739861251183
jan29,2.69,-2.4493101260224988,-5.139310126022499,5.139310126022499
jan29,2.53,-1.3126366948907693,-3.842636694890769,3.842636694890769
jan29,2.53,2.4047270835819696,-0.12527291641803018,0.12527291641803018
jan29,2.53,0.2501788305906345,-2.2798211694093653,2.2798211694093653
jan29,2.53,-5.674023077297917,-8.204023077297917,8.204023077297917
jan29,2.53,-4.123761485148442,-6.653761485148442,6.653761485148442
jan29,2.36,-5.649460185663608,-8.009460185663608,8.009460185663608
jan29,2.36,-1.0017594014599949,-3.3617594014599947,3.3617594014599947
jan29,2.36,-3.0250408713838883,-5.385040871383888,5.385040871383888
jan29,2.36,2.249615638649196,-0.11038436135080376,0.11038436135080376
jan29,2.36,2.4071680341077104,0.04716803410771053,0.04716803410771053
jan29,2.36,-2.4271893439817154,-4.787189343981716,4.787189343981716
jan29,2.36,-1.1693901782163874,-3.5293901782163872,3.5293901782163872
jan29,2.36,-4.10626712070437,-6.466267120704369,6.466267120704369
jan29,2.36,-5.275735094563126,-7.635735094563126,7.635735094563126
jan29,2.19,-0.7599726179617008,-2.9499726179617007,2.9499726179617007
jan29,2.19,-1.4198747161946317,-3.6098747161946316,3.6098747161946316
jan29,2.19,-2.2796632899416407,-4.469663289941641,4.469663289941641
jan29,2.19,-1.3347396212490645,-3.5247396212490645,3.5247396212490645
jan29,2.19,0.2465326590111161,-1.9434673409888839,1.9434673409888839
jan29,2.19,5.252668191215345,3.062668191215345,3.062668191215345
jan29,2.19,-2.6244165758782287,-4.814416575878228,4.814416575878228
jan29,2.02,-3.5617071181002693,-5.581707118100269,5.581707118100269
jan29,2.02,3.063758692499945,1.043758692499945,1.043758692499945
jan29,2.02,-1.5104996711219538,-3.530499671121954,3.530499671121954
jan29,2.02,-0.6326898047532818,-2.652689804753282,2.652689804753282
jan29,2.02,-0.35165047437218,-2.37165047437218,2.37165047437218
jan29,2.02,-1.5611001725939087,-3.5811001725939087,3.5811001725939087
jan29,2.02,-4.0132052045284645,-6.033205204528464,6.033205204528464
jan29,2.02,0.06150626958506411,-1.958493730414936,1.958493730414936
jan29,2.02,0.3526004137290144,-1.6673995862709856,1.6673995862709856
jan29,1.85,-1.345299304976563,-3.195299304976563,3.195299304976563
jan29,1.85,-2.6245777303292757,-4.474577730329276,4.474577730329276
jan29,1.85,-4.535846958700077,-6.385846958700077,6.385846958700077
jan29,1.85,-2.941368497540191,-4.791368497540191,4.791368497540191
jan29,1.85,-4.6765100711051755,-6.526510071105175,6.526510071105175
jan29,1.85,-1.8425733977195922,-3.6925733977195923,3.6925733977195923
jan29,1.85,-3.645842676431906,-5.495842676431906,5.495842676431906
jan29,1.68,-2.102237891390157,-3.7822378913901566,3.7822378913901566
jan29,1.68,-4.954125641010945,-6.634125641010945,6.634125641010945
jan29,1.68,-1.4554642719968598,-3.1354642719968595,3.1354642719968595
jan29,1.68,-3.6503170976853756,-5.330317097685375,5.330317097685375
jan29,1.68,-0.32890042672996866,-2.0089004267299684,2.0089004267299684
jan29,1.68,-2.125535782480063,-3.805535782480063,3.805535782480063
jan29,1.68,-5.7688405062964545,-7.448840506296454,7.448840506296454
jan29,1.68,-2.9139512060054695,-4.593951206005469,4.593951206005469
jan29,1.68,-2.3991610968606896,-4.079161096860689,4.079161096860689
jan29,1.68,-4.831470447782946,-6.511470447782946,6.511470447782946
jan29,1.68,-2.335253305264404,-4.0152533052644035,4.0152533052644035
jan29,1.68,3.1870136713829407,1.5070136713829407,1.5070136713829407
jan29,1.68,0.6678726832576505,-1.0121273167423495,1.0121273167423495
jan29,1.68,-2.610122533288224,-4.290122533288224,4.290122533288224
jan29,1.68,-2.7756668713151003,-4.4556668713151,4.4556668713151
jan29,1.68,2.9101738883899317,1.2301738883899318,1.2301738883899318
jan29,1.68,-0.811701804083123,-2.4917018040831227,2.4917018040831227
jan29,1.52,-1.2156551949721317,-2.7356551949721317,2.7356551949721317
jan29,1.52,-3.183723094879733,-4.703723094879733,4.703723094879733
jan29,1.52,-5.3651392030142855,-6.885139203014285,6.885139203014285
jan29,1.52,2.4237297448623942,0.9037297448623942,0.9037297448623942
jan29,1.52,-4.151186150746067,-5.671186150746067,5.671186150746067
jan29,1.52,-2.6645286638021597,-4.18452866380216,4.18452866380216
jan29,1.52,0.03180265623061551,-1.4881973437693845,1.4881973437693845
jan29,1.52,-0.5456379510853235,-2.0656379510853236,2.0656379510853236
jan29,1.52,-5.773116804575038,-7.293116804575037,7.293116804575037
jan29,1.52,-3.078204742476286,-4.598204742476286,4.598204742476286
jan29,1.52,-3.434258213999275,-4.954258213999275,4.954258213999275
jan29,1.52,-1.2244924147427199,-2.74449241474272,2.74449241474272
jan29,1.52,-0.48315293233790246,-2.0031529323379025,2.0031529323379025
jan29,1.52,-4.531582927666353,-6.051582927666352,6.051582927666352
jan29,1.52,-2.318799167268545,-3.838799167268545,3.838799167268545
jan29,1.52,-3.6424147911337688,-5.162414791133768,5.162414791133768
jan29,1.52,-1.4628630363139772,-2.982863036313977,2.982863036313977
jan29,1.52,-3.8655451205720563,-5.385545120572056,5.385545120572056
jan29,1.52,-2.5957419670038098,-4.11574196700381,4.11574196700381
jan29,1.52,-3.507445665180386,-5.027445665180386,5.027445665180386
jan29,1.52,-2.7220603087475137,-4.242060308747513,4.242060308747513
jan29,1.52,-2.1137083900945264,-3.6337083900945264,3.6337083900945264
jan29,1.52,-3.992212964860297,-5.512212964860296,5.512212964860296
jan29,1.52,-2.7820858798834296,-4.30208587988343,4.30208587988343
jan29,1.52,-3.4115376171197465,-4.931537617119746,4.931537617119746
jan29,1.35,-4.812351403137928,-6.162351403137928,6.162351403137928
jan29,1.35,-4.535666648724078,-5.885666648724078,5.885666648724078
jan29,1.35,-1.5637140997470889,-2.913714099747089,2.913714099747089
jan29,1.35,-1.3351055720433074,-2.6851055720433075,2.6851055720433075
jan29,1.35,-4.046415755248269,-5.3964157552482686,5.3964157552482686
jan29,1.35,-4.579689893243893,-5.929689893243893,5.929689893243893
jan29,1.35,-1.3119445280785405,-2.6619445280785405,2.6619445280785405
jan29,1.35,-2.5679301937325283,-3.9179301937325284,3.9179301937325284
jan29,1.35,-4.3444685758419705,-5.69446857584197,5.69446857584197
jan29,1.35,-2.6884147747262848,-4.038414774726284,4.038414774726284
jan29,1.35,1.948661899751455,0.598661899751455,0.598661899751455
jan29,1.18,-0.3091452859613266,-1.4891452859613266,1.4891452859613266
jan29,1.18,-1.083686804178849,-2.2636868041788487,2.2636868041788487
jan29,1.18,-5.8598021656136225,-7.039802165613622,7.039802165613622
jan29,1.18,-3.308339819139462,-4.488339819139462,4.488339819139462
jan29,1.18,-2.078089456119929,-3.2580894561199285,3.2580894561199285
jan29,1.18,-3.151422919644901,-4.331422919644901,4.331422919644901
jan29,1.18,-4.286712005156577,-5.466712005156577,5.466712005156577
jan29,1.18,-4.365547828692458,-5.545547828692458,5.545547828692458
jan29,1.18,6.931370637761229,5.751370637761229,5.751370637761229
jan29,1.18,-2.4536277015100696,-3.6336277015100693,3.6336277015100693
jan29,1.18,-1.7278652975272104,-2.90786529752721,2.90786529752721
jan29,1.18,-3.5668119284923314,-4.746811928492331,4.746811928492331
jan29,1.18,-2.887288418690348,-4.067288418690348,4.067288418690348
jan29,1.18,-3.047052540216203,-4.227052540216203,4.227052540216203
jan29,1.18,-4.780111107081025,-5.960111107081024,5.960111107081024
jan29,1.18,-6.894992549585497,-8.074992549585497,8.074992549585497
jan29,1.18,1.5867408142186847,0.4067408142186848,0.4067408142186848
jan29,1.18,1.5022991687675487,0.3222991687675487,0.3222991687675487
jan29,1.01,-4.1345353497752715,-5.144535349775271,5.144535349775271
jan29,1.01,-5.352418022935948,-6.362418022935948,6.362418022935948
jan29,1.01,-3.4609346283056883,-4.470934628305688,4.470934628305688
jan29,1.01,-4.5358707547603885,-5.545870754760388,5.545870754760388
jan29,1.01,-2.686633606288976,-3.6966336062889757,3.6966336062889757
jan29,1.01,-5.193871833922648,-6.203871833922648,6.203871833922648
jan29,1.01,-3.1555323308193852,-4.165532330819385,4.165532330819385
jan29,1.01,2.9098122583282087,1.8998122583282087,1.8998122583282087
jan29,1.01,-2.433427521502934,-3.443427521502934,3.443427521502934
jan29,1.01,-2.60592203405104,-3.6159220340510396,3.6159220340510396
jan29,1.01,-1.7767891737478374,-2.786789173747837,2.786789173747837
jan29,1.01,-2.7145817811131634,-3.724581781113163,3.724581781113163
jan29,1.01,-6.766778269992326,-7.776778269992326,7.776778269992326
jan29,1.01,-6.7587099930721095,-7.768709993072109,7.768709993072109
jan29,1.01,-4.6689253346447845,-5.678925334644784,5.678925334644784
jan29,1.01,-1.4598394875154517,-2.4698394875154515,2.4698394875154515
jan29,1.01,-4.591858463452368,-5.601858463452368,5.601858463452368
jan29,1.01,0.04761361777257189,-0.9623863822274281,0.9623863822274281
jan29,1.01,2.913347838383928,1.903347838383928,1.903347838383928
jan29,1.01,-3.746033697961126,-4.756033697961126,4.756033697961126
jan29,1.01,-2.3926819478569143,-3.402681947856914,3.402681947856914
jan29,1.01,-2.850625516966966,-3.860625516966966,3.860625516966966
jan29,1.01,-3.3103593071191266,-4.320359307119126,4.320359307119126
jan29,1.01,-5.457338964043181,-6.467338964043181,6.467338964043181
jan29,1.01,-3.0644159594762854,-4.074415959476285,4.074415959476285
jan29,0.84,-4.918946561235751,-5.758946561235751,5.758946561235751
jan29,0.84,-3.081539531998585,-3.921539531998585,3.921539531998585
jan29,0.84,-4.57602793076137,-5.41602793076137,5.41602793076137
jan29,0.84,-4.443820115736493,-5.283820115736493,5.283820115736493
jan29,0.84,-5.481450912828851,-6.321450912828851,6.321450912828851
jan29,0.84,-5.556824491510971,-6.396824491510971,6.396824491510971
jan29,0.84,-1.2806838041060464,-2.1206838041060463,2.1206838041060463
jan29,0.84,-5.068193174514269,-5.908193174514269,5.908193174514269
jan29,0.84,-3.334980017927032,-4.174980017927032,4.174980017927032
jan29,0.84,2.8439127431180915,2.0039127431180916,2.0039127431180916
jan29,0.84,-0.6444175950724222,-1.484417595072422,1.484417595072422
jan29,0.84,5.059647895278109,4.21964789527811,4.21964789527811
jan29,0.84,-5.8577920111214254,-6.697792011121425,6.697792011121425
jan29,0.84,2.7796677173781235,1.9396677173781236,1.9396677173781236
jan29,0.84,-2.626788706248382,-3.4667887062483818,3.4667887062483818
jan29,0.84,-5.932420744312736,-6.772420744312736,6.772420744312736
jan29,0.84,-3.5829232585057156,-4.422923258505715,4.422923258505715
jan29,0.84,-6.2279376888205125,-7.067937688820512,7.067937688820512
jan29,0.84,-2.4194750503044355,-3.2594750503044354,3.2594750503044354
jan29,0.84,-2.2820798556258497,-3.1220798556258496,3.1220798556258496
jan29,0.84,-4.587046527372962,-5.427046527372962,5.427046527372962
jan29,0.84,-2.635606267639271,-3.4756062676392707,3.4756062676392707
jan29,0.84,0.6944931594630566,-0.1455068405369434,0.1455068405369434
jan29,0.84,-0.319425126390942,-1.1594251263909419,1.1594251263909419
jan29,0.84,-5.932420744312736,-6.772420744312736,6.772420744312736
jan29,0.84,-4.407282833834195,-5.247282833834195,5.247282833834195
jan29,0.84,-4.660218407087475,-5.500218407087475,5.500218407087475
jan29,0.84,-3.1470051762687064,-3.987005176268706,3.987005176268706
jan29,0.67,-0.32980356999651494,-0.999803569996515,0.999803569996515
jan29,0.67,-4.429752084021633,-5.099752084021633,5.099752084021633
jan29,0.67,-3.8416237726058498,-4.51162377260585,4.51162377260585
jan29,0.67,-3.4760688925291348,-4.146068892529135,4.146068892529135
jan29,0.67,-1.65959140339994,-2.32959140339994,2.32959140339994
jan29,0.67,1.6030852603817354,0.9330852603817353,0.9330852603817353
jan29,0.67,-3.687045840194477,-4.357045840194477,4.357045840194477
jan29,0.67,-3.348113564452037,-4.018113564452037,4.018113564452037
jan29,0.67,-2.436880469239987,-3.1068804692399867,3.1068804692399867
jan29,0.67,-5.178285007208128,-5.848285007208128,5.848285007208128
jan29,0.67,-4.609399067231779,-5.279399067231779,5.279399067231779
jan29,0.67,-4.126214323569744,-4.796214323569744,4.796214323569744
jan29,0.67,-4.835522424973762,-5.505522424973762,5.505522424973762
jan29,0.67,-5.773565697052032,-6.443565697052032,6.443565697052032
jan29,0.67,0.30989345611508057,-0.36010654388491947,0.36010654388491947
jan29,0.67,-2.9040330898869122,-3.574033089886912,3.574033089886912
jan29,0.67,-3.145253678928256,-3.815253678928256,3.815253678928256
jan29,0.67,-3.891953398405958,-4.561953398405958,4.561953398405958
jan29,0.67,-5.210767352004096,-5.880767352004096,5.880767352004096
jan29,0.67,-6.110480472884634,-6.7804804728846335,6.7804804728846335
jan29,0.67,-2.123872706292129,-2.793872706292129,2.793872706292129
jan29,0.67,-2.399261532426266,-3.0692615324262658,3.0692615324262658
jan29,0.67,-4.416208698621713,-5.0862086986217125,5.0862086986217125
jan29,0.67,-0.08352312241732385,-0.7535231224173239,0.7535231224173239
jan29,0.67,-4.648249722782261,-5.3182497227822605,5.3182497227822605
jan29,0.51,-2.3373895355937426,-2.8473895355937424,2.8473895355937424
jan29,0.51,-4.904467767255667,-5.414467767255667,5.414467767255667
jan29,0.51,-4.840637471522539,-5.350637471522539,5.350637471522539
jan29,0.51,-3.731827210439887,-4.241827210439887,4.241827210439887
jan29,0.51,-5.563998864753122,-6.073998864753122,6.073998864753122
jan29,0.51,-3.930751736488828,-4.440751736488828,4.440751736488828
jan29,0.51,-3.0602957285723313,-3.570295728572331,3.570295728572331
jan29,0.51,-4.473072441050752,-4.983072441050751,4.983072441050751
jan29,0.51,-3.1381306093668506,-3.6481306093668504,3.6481306093668504
jan29,0.51,-3.9607921718120895,-4.470792171812089,4.470792171812089
jan29,0.51,-5.643976181504051,-6.153976181504051,6.153976181504051
jan29,0.51,-2.5733551999604707,-3.0833551999604705,3.0833551999604705
jan29,0.51,-1.7862801232295,-2.2962801232295,2.2962801232295
jan29,0.51,0.4040794832715866,-0.1059205167284134,0.1059205167284134
jan29,0.51,-2.2396030924278705,-2.7496030924278703,2.7496030924278703
jan29,0.51,-4.743869528030228,-5.253869528030227,5.253869528030227
jan29,0.51,-5.114840450726199,-5.624840450726198,5.624840450726198
jan29,0.51,0.371848321614733,-0.13815167838526698,0.13815167838526698
jan29,0.51,-5.055271456839694,-5.565271456839694,5.565271456839694
jan29,0.51,-1.837723146712003,-2.3477231467120028,2.3477231467120028
jan29,0.51,-2.4769237811466125,-2.9869237811466123,2.9869237811466123
jan29,0.51,-5.814293637834417,-6.324293637834417,6.324293637834417
jan29,0.51,-4.281682908767529,-4.791682908767529,4.791682908767529
jan29,0.34,-4.927076556974884,-5.267076556974883,5.267076556974883
jan29,0.34,-4.896178441787612,-5.236178441787612,5.236178441787612
jan29,0.34,-2.1831880228011338,-2.5231880228011336,2.5231880228011336
jan29,0.34,-2.501655653784348,-2.841655653784348,2.841655653784348
jan29,0.34,-6.445787077514179,-6.785787077514179,6.785787077514179
jan29,0.34,-4.663905622065556,-5.003905622065556,5.003905622065556
jan29,0.34,-4.470827540809614,-4.810827540809614,4.810827540809614
jan29,0.34,-3.391603702469604,-3.731603702469604,3.731603702469604
jan29,0.34,-3.429632780783667,-3.7696327807836667,3.7696327807836667
jan29,0.34,-6.212667576630359,-6.552667576630359,6.552667576630359
jan29,0.34,-5.280437184138384,-5.620437184138384,5.620437184138384
jan29,0.34,-4.6171397245381645,-4.957139724538164,4.957139724538164
jan29,0.34,-4.649247537190641,-4.989247537190641,4.989247537190641
jan29,0.34,-2.848423184430114,-3.188423184430114,3.188423184430114
jan29,0.34,-3.9649734417533633,-4.304973441753363,4.304973441753363
jan29,0.34,-2.6464287000660303,-2.98642870006603,2.98642870006603
jan29,0.34,-5.544286342483769,-5.884286342483769,5.884286342483769
jan29,0.34,-3.4519844523450285,-3.7919844523450283,3.7919844523450283
jan29,0.34,-2.670955272808947,-3.010955272808947,3.010955272808947
jan29,0.34,-4.998450139938699,-5.338450139938699,5.338450139938699
jan29,0.34,-5.545642161950266,-5.8856421619502655,5.8856421619502655
jan29,0.34,-5.263193358830282,-5.603193358830282,5.603193358830282
jan29,0.34,-3.941099685098509,-4.281099685098509,4.281099685098509
jan29,0.34,-5.374735958235444,-5.714735958235444,5.714735958235444
jan29,0.34,-5.379846261590343,-5.719846261590343,5.719846261590343
jan29,0.34,-4.193915528287597,-4.533915528287597,4.533915528287597
jan29,0.34,-7.309100506483951,-7.649100506483951,7.649100506483951
jan29,0.34,-2.6127196610501837,-2.9527196610501836,2.9527196610501836
jan29,0.34,-6.2749743366653625,-6.614974336665362,6.614974336665362
jan29,0.34,-1.3066599278575248,-1.646659927857525,1.646659927857525
jan29,0.34,-7.679491011811669,-8.019491011811668,8.019491011811668
jan29,0.34,-4.152281847106595,-4.492281847106595,4.492281847106595
jan29,0.34,-4.833657406611875,-5.173657406611875,5.173657406611875
jan29,0.34,-4.8911322511377655,-5.231132251137765,5.231132251137765
jan29,0.34,-5.951228906203472,-6.291228906203472,6.291228906203472
jan29,0.34,-1.7727533737807706,-2.1127533737807704,2.1127533737807704
jan29,0.34,-4.812353407177591,-5.152353407177591,5.152353407177591
jan29,0.34,-5.178087372371511,-5.518087372371511,5.518087372371511
jan29,0.34,-5.4361179756628655,-5.776117975662865,5.776117975662865
jan29,0.34,-3.118616316173709,-3.4586163161737087,3.4586163161737087
jan29,0.34,-5.383834777673204,-5.723834777673204,5.723834777673204
jan29,0.34,-5.714272049289136,-6.0542720492891355,6.0542720492891355
jan29,0.34,-3.9075648832709735,-4.247564883270973,4.247564883270973
jan29,0.34,-6.081661816084582,-6.4216618160845815,6.4216618160845815
jan29,0.34,-4.850148932732219,-5.190148932732219,5.190148932732219
jan29,0.34,-4.345336338055182,-4.685336338055182,4.685336338055182
jan29,0.17,-6.297368258021507,-6.467368258021507,6.467368258021507
jan29,0.17,-3.184645882640824,-3.354645882640824,3.354645882640824
jan29,0.17,-4.712786986149785,-4.882786986149785,4.882786986149785
jan29,0.17,-5.442802451827367,-5.612802451827367,5.612802451827367
jan29,0.17,-5.334569820211877,-5.504569820211877,5.504569820211877
jan29,0.17,-6.502166369444298,-6.672166369444298,6.672166369444298
jan29,0.17,-4.6726710241017955,-4.842671024101795,4.842671024101795
jan29,0.17,-7.31856311575085,-7.48856311575085,7.48856311575085
jan29,0.17,-4.898079097542519,-5.068079097542519,5.068079097542519
jan29,0.17,-4.8516119732333465,-5.021611973233346,5.021611973233346
jan29,0.17,-5.660189372910914,-5.8301893729109135,5.8301893729109135
jan29,0.17,-7.098487957656067,-7.268487957656067,7.268487957656067
jan29,0.17,-3.9757793603702023,-4.145779360370202,4.145779360370202
jan29,0.17,-5.737316930658427,-5.907316930658427,5.907316930658427
jan29,0.17,-3.861111963596498,-4.031111963596498,4.031111963596498
jan29,0.17,-3.668980033814764,-3.8389800338147637,3.8389800338147637
jan29,0.17,-5.888355911454614,-6.058355911454614,6.058355911454614
jan29,0.17,-3.0240147919022817,-3.1940147919022817,3.1940147919022817
jan29,0.17,-3.037580429967475,-3.207580429967475,3.207580429967475
jan29,0.17,-3.8140453537054793,-3.984045353705479,3.984045353705479
jan29,0.17,-2.8612905154079478,-3.0312905154079477,3.0312905154079477
jan29,0.17,-4.410924188387538,-4.580924188387538,4.580924188387538
jan29,0.17,-5.754906619117801,-5.924906619117801,5.924906619117801
jan29,0.17,-6.008143317317002,-6.1781433173170015,6.1781433173170015
jan29,0.17,-7.25828642904213,-7.42828642904213,7.42828642904213
jan29,0.17,-3.2458357608547743,-3.4158357608547743,3.4158357608547743
jan29,0.17,-7.4308858920105045,-7.6008858920105045,7.6008858920105045
jan29,0.17,-6.093279909839328,-6.263279909839328,6.263279909839328
jan29,0.17,-5.267932581678471,-5.437932581678471,5.437932581678471
jan29,0.17,-5.434588366409157,-5.604588366409157,5.604588366409157
jan29,0.17,-7.522604989437188,-7.6926049894371875,7.6926049894371875
jan29,0.17,-4.830698988623265,-5.000698988623265,5.000698988623265
jan29,0.17,-4.3516642500556255,-4.5216642500556254,4.5216642500556254
jan29,0.17,-6.138217940661399,-6.3082179406613985,6.3082179406613985
jan29,0.17,-6.297025029786051,-6.4670250297860505,6.4670250297860505
jan29,0.17,-6.080092410129993,-6.250092410129993,6.250092410129993
jan29,0.17,-4.637086846648245,-4.807086846648245,4.807086846648245
jan29,0.17,-4.589734217594314,-4.759734217594314,4.759734217594314
jan29,0.17,-4.742764701116158,-4.912764701116158,4.912764701116158
jan29,0.17,-7.450662536172967,-7.620662536172967,7.620662536172967
jan29,0.17,-4.5266350994360955,-4.6966350994360955,4.6966350994360955
jan29,0.17,-6.7490268076326085,-6.9190268076326085,6.9190268076326085
jan29,0.17,-5.701455620360839,-5.871455620360839,5.871455620360839
jan29,0.17,-5.435817894235393,-5.605817894235393,5.605817894235393
jan29,0.17,-6.262935110918702,-6.432935110918702,6.432935110918702
jan29,0.17,-7.049530779168052,-7.219530779168052,7.219530779168052
jan29,0.17,-7.380261442443436,-7.5502614424434356,7.5502614424434356
jan29,0.17,-3.869774556011821,-4.039774556011821,4.039774556011821
jan29,0.17,-4.935944477835164,-5.105944477835164,5.105944477835164
jan29,0.17,-2.903019269656353,-3.0730192696563527,3.0730192696563527
jan29,0.17,-5.740182820840891,-5.910182820840891,5.910182820840891
jan29,0.17,-5.015251025797539,-5.185251025797539,5.185251025797539
jan29,0.17,-7.407343098127644,-7.577343098127644,7.577343098127644
jan29,0.17,-6.625720571007104,-6.795720571007104,6.795720571007104
jan29,0.17,-6.675695885412265,-6.845695885412265,6.845695885412265
jan29,0.17,-5.466355473360089,-5.636355473360089,5.636355473360089
jan29,0.17,-7.505849691397485,-7.6758496913974845,7.6758496913974845
jan29,0.17,-3.045556623385256,-3.2155566233852557,3.2155566233852557
jan29,0.17,-4.671485687096343,-4.841485687096343,4.841485687096343
jan29,0.17,-3.8988699510766924,-4.068869951076692,4.068869951076692
jan29,0.17,-2.3223371614889032,-2.492337161488903,2.492337161488903
jan29,0.17,-2.318799167268545,-2.488799167268545,2.488799167268545
jan29,0.17,-5.179017491554241,-5.349017491554241,5.349017491554241
jan29,0.17,-4.220220480534374,-4.390220480534374,4.390220480534374
jan29,0.17,-2.6130067009064915,-2.7830067009064914,2.7830067009064914
jan29,0.17,-6.112351325314126,-6.282351325314126,6.282351325314126
jan29,0.17,-3.9051442127834335,-4.075144212783433,4.075144212783433
jan29,0.17,-6.98146411439436,-7.15146411439436,7.15146411439436
jan29,0.17,-2.803549122741944,-2.973549122741944,2.973549122741944
jan29,0.17,-5.366759938867537,-5.536759938867537,5.536759938867537
jan29,0.17,-6.291750061984745,-6.461750061984745,6.461750061984745
jan31,34.74,11.265887010282098,-23.474112989717902,23.474112989717902
jan31,28.63,15.32093176222482,-13.309068237775179,13.309068237775179
jan31,22.11,6.442021157125735,-15.667978842874264,15.667978842874264
jan31,20.63,6.77915063937662,-13.850849360623378,13.850849360623378
jan31,17.68,5.407165089436324,-12.272834910563676,12.272834910563676
jan31,17.68,14.19399799513527,-3.48600200486473,3.48600200486473
jan31,17.26,11.334527747562696,-5.925472252437306,5.925472252437306
jan31,16.84,4.122557770193873,-12.717442229806128,12.717442229806128
jan31,16.21,10.786533748370905,-5.423466251629096,5.423466251629096
jan31,15.16,6.803701344220016,-8.356298655779984,8.356298655779984
jan31,14.74,17.900165117746422,3.1601651177464216,3.1601651177464216
jan31,14.53,10.108096937312563,-4.421903062687436,4.421903062687436
jan31,14.11,5.948261537466559,-8.16173846253344,8.16173846253344
jan31,14.11,10.524156612923973,-3.585843387076027,3.585843387076027
jan31,13.26,8.835760656020735,-4.424239343979265,4.424239343979265
jan31,13.05,11.398067804044102,-1.651932195955899,1.651932195955899
jan31,12.84,7.282895631765545,-5.557104368234455,5.557104368234455
jan31,11.79,7.085280629721556,-4.704719370278443,4.704719370278443
jan31,10.95,7.399439260387519,-3.5505607396124805,3.5505607396124805
jan31,9.89,7.001487927375408,-2.888512072624593,2.888512072624593
jan31,9.05,5.458528610548523,-3.5914713894514776,3.5914713894514776
jan31,8.63,11.033380252051641,2.4033802520516403,2.4033802520516403
jan31,7.79,13.68941658324799,5.89941658324799,5.89941658324799
jan31,7.58,5.329046626028541,-2.250953373971459,2.250953373971459
jan31,7.58,13.588165158740178,6.008165158740178,6.008165158740178
jan31,7.58,5.5528373097045876,-2.0271626902954125,2.0271626902954125
jan31,7.58,7.011544932659454,-0.5684550673405457,0.5684550673405457
jan31,7.37,11.838218754556056,4.468218754556056,4.468218754556056
jan31,6.95,8.558628676599898,1.6086286765998983,1.6086286765998983
jan31,6.95,7.121236112296355,0.17123611229635483,0.17123611229635483
jan31,6.95,5.820864575022194,-1.1291354249778065,1.1291354249778065
jan31,6.74,9.532979546561215,2.792979546561215,2.792979546561215
jan31,6.53,11.91576120504726,5.3857612050472605,5.3857612050472605
jan31,6.53,15.549858182037273,9.019858182037272,9.019858182037272
jan31,6.53,11.638779843172614,5.108779843172614,5.108779843172614
jan31,6.32,11.963603366602584,5.6436033666025835,5.6436033666025835
jan31,6.32,9.922822740378948,3.6028227403789472,3.6028227403789472
jan31,6.32,7.025396364025362,0.7053963640253613,0.7053963640253613
jan31,6.32,10.984783694099942,4.664783694099942,4.664783694099942
jan31,6.32,4.8315521740118985,-1.4884478259881018,1.4884478259881018
jan31,6.32,5.733641973871952,-0.5863580261280479,0.5863580261280479
jan31,5.89,10.158596059141171,4.268596059141172,4.268596059141172
jan31,5.68,8.936941249964505,3.2569412499645054,3.2569412499645054
jan31,5.68,13.44394120543727,7.76394120543727,7.76394120543727
jan31,5.68,11.663211638028262,5.983211638028262,5.983211638028262
jan31,5.68,6.312210927229431,0.6322109272294316,0.6322109272294316
jan31,5.47,8.885032642186061,3.4150326421860617,3.4150326421860617
jan31,5.47,3.6514220929330454,-1.8185779070669543,1.8185779070669543
jan31,5.47,8.676688494994986,3.206688494994986,3.206688494994986
jan31,5.05,4.553435174372918,-0.4965648256270816,0.4965648256270816
jan31,5.05,7.480406103114705,2.430406103114705,2.430406103114705
jan31,5.05,8.170273668035772,3.1202736680357726,3.1202736680357726
jan31,4.84,14.291681026950108,9.451681026950109,9.451681026950109
jan31,4.84,10.131594307339338,5.291594307339338,5.291594307339338
jan31,4.84,4.96044076336247,0.12044076336247045,0.12044076336247045
jan31,4.63,9.821897168475882,5.191897168475882,5.191897168475882
jan31,4.63,2.4063734180945238,-2.223626581905476,2.223626581905476
jan31,4.63,7.049392171272379,2.4193921712723787,2.4193921712723787
jan31,4.42,10.085048924947305,5.665048924947305,5.665048924947305
jan31,4.42,5.668923117522383,1.2489231175223834,1.2489231175223834
jan31,4.42,5.324881732348492,0.9048817323484917,0.9048817323484917
jan31,4.42,9.623158905464258,5.203158905464258,5.203158905464258
jan31,4.42,8.05211211457563,3.63211211457563,3.63211211457563
jan31,4.21,5.059980995669089,0.8499809956690889,0.8499809956690889
jan31,4.21,5.712771701390595,1.5027717013905955,1.5027717013905955
jan31,4.21,8.864678625396664,4.654678625396664,4.654678625396664
jan31,4.21,8.876759428324926,4.666759428324926,4.666759428324926
jan31,4.21,10.154705365952132,5.9447053659521325,5.9447053659521325
jan31,4.0,6.908710843085375,2.908710843085375,2.908710843085375
jan31,4.0,8.880725317631459,4.880725317631459,4.880725317631459
jan31,4.0,9.311513421618063,5.311513421618063,5.311513421618063
jan31,4.0,9.70238854306943,5.70238854306943,5.70238854306943
jan31,4.0,6.642994781335635,2.642994781335635,2.642994781335635
jan31,3.79,9.72767853161325,5.93767853161325,5.93767853161325
jan31,3.79,2.861409517250281,-0.9285904827497191,0.9285904827497191
jan31,3.58,3.728571789514592,0.14857178951459193,0.14857178951459193
jan31,3.58,6.379301604799354,2.7993016047993535,2.7993016047993535
jan31,3.58,8.003594180796503,4.423594180796503,4.423594180796503
jan31,3.58,9.364618538955803,5.784618538955803,5.784618538955803
jan31,3.58,3.5645956763366007,-0.015404323663399389,0.015404323663399389
jan31,3.37,4.565597419123264,1.1955974191232634,1.1955974191232634
jan31,3.37,12.334988032232868,8.964988032232867,8.964988032232867
jan31,3.37,6.025216526660045,2.6552165266600447,2.6552165266600447
jan31,3.37,5.722566840083195,2.3525668400831945,2.3525668400831945
jan31,3.16,5.248970825625403,2.0889708256254025,2.0889708256254025
jan31,3.16,5.600966043925316,2.4409660439253162,2.4409660439253162
jan31,3.16,5.464478112526584,2.304478112526584,2.304478112526584
jan31,3.16,6.698718731122176,3.5387187311221755,3.5387187311221755
jan31,3.16,5.309361805879624,2.149361805879624,2.149361805879624
jan31,3.16,11.390151412933083,8.230151412933083,8.230151412933083
jan31,2.95,7.521015741325094,4.571015741325094,4.571015741325094
jan31,2.95,4.520536071664645,1.5705360716646446,1.5705360716646446
jan31,2.95,4.892548461673724,1.9425484616737236,1.9425484616737236
jan31,2.95,9.38742817134765,6.43742817134765,6.43742817134765
jan31,2.95,12.475631146373281,9.525631146373282,9.525631146373282
jan31,2.74,6.504295728479974,3.764295728479974,3.764295728479974
jan31,2.74,5.5300957760886895,2.7900957760886893,2.7900957760886893
jan31,2.74,3.5513984158194583,0.811398415819458,0.811398415819458
jan31,2.74,3.619894393013759,0.8798943930137586,0.8798943930137586
jan31,2.74,6.210161008282125,3.4701610082821244,3.4701610082821244
jan31,2.53,2.1382478509548646,-0.3917521490451352,0.3917521490451352
jan31,2.53,8.198690071756708,5.668690071756709,5.668690071756709
jan31,2.53,6.369000018813191,3.839000018813191,3.839000018813191
jan31,2.53,7.2670769943596545,4.737076994359654,4.737076994359654
jan31,2.53,3.1995058943191044,0.6695058943191046,0.6695058943191046
jan31,2.53,8.48802778171513,5.958027781715131,5.958027781715131
jan31,2.53,9.087912085645593,6.557912085645594,6.557912085645594
jan31,2.53,8.107263390397422,5.577263390397423,5.577263390397423
jan31,2.53,4.565778179860716,2.0357781798607166,2.0357781798607166
jan31,2.32,4.452328960444998,2.132328960444998,2.132328960444998
jan31,2.32,10.109183441200512,7.789183441200512,7.789183441200512
jan31,2.32,3.2762953653937013,0.9562953653937014,0.9562953653937014
jan31,2.32,2.895145937691397,0.575145937691397,0.575145937691397
jan31,2.32,8.70367567953965,6.38367567953965,6.38367567953965
jan31,2.11,4.026024917873845,1.916024917873845,1.916024917873845
jan31,2.11,6.166624742471949,4.05662474247195,4.05662474247195
jan31,2.11,4.282906186296638,2.1729061862966383,2.1729061862966383
jan31,2.11,3.5433743336327583,1.4333743336327585,1.4333743336327585
jan31,2.11,6.484261350348998,4.374261350348998,4.374261350348998
jan31,1.89,3.19253057644097,1.3025305764409703,1.3025305764409703
jan31,1.89,5.570293688617702,3.6802936886177022,3.6802936886177022
jan31,1.89,4.6393697792579855,2.749369779257986,2.749369779257986
jan31,1.89,4.596240141066039,2.706240141066039,2.706240141066039
jan31,1.89,12.605478003640112,10.715478003640111,10.715478003640111
jan31,1.68,4.370577768358482,2.690577768358482,2.690577768358482
jan31,1.68,4.051843305418685,2.371843305418685,2.371843305418685
jan31,1.68,8.53989437060121,6.859894370601211,6.859894370601211
jan31,1.68,3.498065141512206,1.818065141512206,1.818065141512206
jan31,1.68,5.943810750413938,4.263810750413938,4.263810750413938
jan31,1.68,4.079076359531595,2.3990763595315956,2.3990763595315956
jan31,1.68,7.999870754657616,6.319870754657616,6.319870754657616
jan31,1.47,8.55609169759746,7.0860916975974595,7.0860916975974595
jan31,1.47,3.0428116934815694,1.5728116934815695,1.5728116934815695
jan31,1.47,3.01190572484104,1.5419057248410402,1.5419057248410402
jan31,1.47,8.96313984664576,7.49313984664576,7.49313984664576
jan31,1.47,5.5823925096943885,4.112392509694389,4.112392509694389
jan31,1.47,3.5210821294143875,2.0510821294143877,2.0510821294143877
jan31,1.47,6.521526467849024,5.051526467849024,5.051526467849024
jan31,1.47,3.1976721186754116,1.7276721186754116,1.7276721186754116
jan31,1.47,5.939894540269933,4.469894540269933,4.469894540269933
jan31,1.47,4.24708652213656,2.7770865221365604,2.7770865221365604
jan31,1.47,3.446416377000132,1.9764163770001322,1.9764163770001322
jan31,1.26,2.3484759032076648,1.0884759032076647,1.0884759032076647
jan31,1.26,4.752760908917273,3.4927609089172735,3.4927609089172735
jan31,1.26,2.5245457359650043,1.2645457359650043,1.2645457359650043
jan31,1.26,5.571646090405648,4.311646090405648,4.311646090405648
jan31,1.26,6.032814585787471,4.772814585787471,4.772814585787471
jan31,1.26,4.458229639725649,3.198229639725649,3.198229639725649
jan31,1.26,3.3032220960290473,2.043222096029047,2.043222096029047
jan31,1.05,4.448467451076335,3.3984674510763355,3.3984674510763355
jan31,1.05,8.681232443836947,7.631232443836947,7.631232443836947
jan31,1.05,5.428083342405949,4.378083342405949,4.378083342405949
jan31,1.05,2.970949565740458,1.920949565740458,1.920949565740458
jan31,1.05,2.0347183997211618,0.9847183997211617,0.9847183997211617
jan31,1.05,5.237650931097989,4.1876509310979895,4.1876509310979895
jan31,1.05,6.731128867075823,5.681128867075823,5.681128867075823
jan31,1.05,4.380714657963689,3.3307146579636893,3.3307146579636893
jan31,1.05,6.80522010598716,5.75522010598716,5.75522010598716
jan31,0.84,1.928875380704739,1.088875380704739,1.088875380704739
jan31,0.84,4.15742827597184,3.3174282759718405,3.3174282759718405
jan31,0.84,1.693949127470062,0.853949127470062,0.853949127470062
jan31,0.84,1.230679797523862,0.39067979752386195,0.39067979752386195
jan31,0.84,7.338812516532441,6.498812516532441,6.498812516532441
jan31,0.84,5.124901585285112,4.2849015852851124,4.2849015852851124
jan31,0.84,3.7555609842458146,2.915560984245815,2.915560984245815
jan31,0.84,1.913460583613582,1.0734605836135822,1.0734605836135822
jan31,0.84,2.7311691674856036,1.8911691674856037,1.8911691674856037
jan31,0.63,3.987903195668867,3.357903195668867,3.357903195668867
jan31,0.63,4.007887600005859,3.3778876000058595,3.3778876000058595
jan31,0.63,2.049517723656509,1.4195177236565093,1.4195177236565093
jan31,0.63,2.597506198244564,1.967506198244564,1.967506198244564
jan31,0.63,1.8110449576463354,1.1810449576463355,1.1810449576463355
jan31,0.63,3.902747852345521,3.272747852345521,3.272747852345521
jan31,0.63,1.7768652044631126,1.1468652044631127,1.1468652044631127
jan31,0.63,1.5689959047886957,0.9389959047886957,0.9389959047886957
jan31,0.63,3.202237396990861,2.572237396990861,2.572237396990861
jan31,0.63,2.713858009767046,2.083858009767046,2.083858009767046
jan31,0.63,7.857703677886063,7.227703677886063,7.227703677886063
jan31,0.63,2.4833010196038225,1.8533010196038227,1.8533010196038227
jan31,0.63,3.475514788047455,2.845514788047455,2.845514788047455
jan31,0.63,1.4521183492181997,0.8221183492181997,0.8221183492181997
jan31,0.63,4.786107810142743,4.156107810142743,4.156107810142743
jan31,0.42,2.6416762779015164,2.2216762779015164,2.2216762779015164
jan31,0.42,2.1206247805604987,1.7006247805604988,1.7006247805604988
jan31,0.42,1.7361030276726668,1.3161030276726668,1.3161030276726668
jan31,0.42,5.2990771994860015,4.879077199486002,4.879077199486002
jan31,0.42,0.9010080300394137,0.48100803003941367,0.48100803003941367
jan31,0.42,2.498939436226033,2.078939436226033,2.078939436226033
jan31,0.42,2.4334665382632004,2.0134665382632004,2.0134665382632004
jan31,0.42,0.4775777898547071,0.05757778985470713,0.05757778985470713
jan31,0.42,5.957394022326785,5.537394022326785,5.537394022326785
jan31,0.42,-0.04504715752336086,-0.46504715752336084,0.46504715752336084
jan31,0.42,1.638224899545794,1.218224899545794,1.218224899545794
jan31,0.42,4.535619965823206,4.115619965823206,4.115619965823206
jan31,0.42,2.4884852202020173,2.0684852202020174,2.0684852202020174
jan31,0.42,7.582107547912285,7.162107547912285,7.162107547912285
jan31,0.42,4.966860613817567,4.546860613817567,4.546860613817567
jan31,0.42,2.1950624784060047,1.7750624784060047,1.7750624784060047
jan31,0.42,2.125301866682488,1.705301866682488,1.705301866682488
jan31,0.42,1.985283101549065,1.5652831015490651,1.5652831015490651
jan31,0.21,1.3664232194992825,1.1564232194992825,1.1564232194992825
jan31,0.21,2.201271414499497,1.9912714144994972,1.9912714144994972
jan31,0.21,1.3524695795512232,1.1424695795512232,1.1424695795512232
jan31,0.21,0.6076391962831087,0.39763919628310873,0.39763919628310873
jan31,0.21,0.9828481076357747,0.7728481076357747,0.7728481076357747
jan31,0.21,-0.3915685659358772,-0.6015685659358772,0.6015685659358772
jan31,0.21,2.05918042584091,1.8491804258409101,1.8491804258409101
jan31,0.21,0.8518455560900327,0.6418455560900327,0.6418455560900327
jan31,0.21,2.7550487820506318,2.545048782050632,2.545048782050632
jan31,0.21,1.0412439124952195,0.8312439124952196,0.8312439124952196
jan31,0.21,9.922822740378948,9.712822740378947,9.712822740378947
jan31,0.21,1.1328647882137455,0.9228647882137455,0.9228647882137455
jan31,0.21,1.29457833973383,1.08457833973383,1.08457833973383
jan31,0.21,-0.04581957477338516,-0.2558195747733851,0.2558195747733851
jan31,0.21,2.39121729555045,2.18121729555045,2.18121729555045
jan31,0.21,3.5654442317828323,3.3554442317828324,3.3554442317828324
jan31,0.21,1.6171756133526163,1.4071756133526163,1.4071756133526163
jan31,0.21,1.185654586691764,0.9756545866917641,0.9756545866917641
jan31,0.21,2.8713637945589845,2.6613637945589845,2.6613637945589845
jan31,0.21,1.3562779504146052,1.1462779504146052,1.1462779504146052
jan31,0.21,1.4394509916835658,1.2294509916835659,1.2294509916835659
jan31,0.21,2.479614812482823,2.269614812482823,2.269614812482823
jan31,0.21,0.7711776981078158,0.5611776981078158,0.5611776981078158
jan31,0.21,0.5116901657234925,0.3016901657234925,0.3016901657234925
jan31,0.21,4.085940983809455,3.875940983809455,3.875940983809455
jan31,0.21,1.923501198642286,1.7135011986422861,1.7135011986422861
jan31,0.21,0.3896185222702595,0.1796185222702595,0.1796185222702595
jan31,0.21,1.7469655742344457,1.5369655742344457,1.5369655742344457
